account_id,name,industry,region,tier,account_exec,signup_date,channel_partner_id
ACC-10001,Globex Industries,Pharmaceuticals,NAMER,Strategic,Robert Johnson,2020-07-17,
ACC-10002,Initech Financial,Manufacturing,LATAM,Strategic,Maria Baker,2022-01-21,
ACC-10003,Hooli Systems,Government,EMEA,Strategic,Jennifer Johnson,2019-07-11,
ACC-10004,Pied Piper Networks,Transportation,EMEA,Strategic,Michael Scott,2020-02-12,CP-189
ACC-10005,Wonka Holdings,Transportation,NAMER,Strategic,Samantha Anderson,2021-07-08,
ACC-10006,Soylent Foods Corp,Financial Services,NAMER,Strategic,Jessica Hall,2021-05-15,
ACC-10007,Stark Aerospace,Manufacturing,NAMER,Strategic,Matthew Carter,2020-11-20,
ACC-10008,Wayne Enterprises,Government,APAC,Strategic,Maria Thompson,2020-12-05,
ACC-10009,Cyberdyne Systems,Financial Services,EMEA,Strategic,Thomas Wright,2019-09-13,CP-148
ACC-10010,Tyrell Genetics,Healthcare,EMEA,Strategic,Rachel Green,2022-06-20,CP-146
ACC-10011,Umbrella Pharmaceuticals,Media,NAMER,Strategic,Ashley Rivera,2019-05-23,
ACC-10012,Massive Dynamic,Technology,LATAM,Strategic,Rachel Garcia,2020-04-21,CP-148
ACC-10013,Vandelay Imports,Retail,APAC,Strategic,Thomas Green,2021-01-17,
ACC-10014,Sterling Cooper,Energy,NAMER,Strategic,Matthew Nelson,2020-06-30,CP-187
ACC-10015,Dunder Mifflin Logistics,Pharmaceuticals,NAMER,Strategic,Lisa Hill,2022-07-24,
ACC-10016,Pearson Hardman Trust,Insurance,NAMER,Strategic,Andrew Hernandez,2021-08-04,
ACC-10017,Oceanic Airlines,Pharmaceuticals,NAMER,Strategic,Emily Baker,2020-10-26,CP-199
ACC-10018,InGen Bio,Financial Services,NAMER,Strategic,Emily Williams,2020-10-08,
ACC-10019,Weyland Industries,Healthcare,NAMER,Strategic,Matthew Torres,2020-10-06,
ACC-10020,Aperture Labs,Telecommunications,NAMER,Strategic,Eric Adams,2021-07-28,
ACC-10021,Nakatomi Trading,Manufacturing,EMEA,Strategic,Andrew Mitchell,2022-02-23,
ACC-10022,Rekall Solutions,Insurance,NAMER,Strategic,Steven Nguyen,2021-03-28,
ACC-10023,OsCorp Industries,Manufacturing,NAMER,Strategic,Michelle Young,2019-07-06,CP-114
ACC-10024,LexCorp Capital,Manufacturing,NAMER,Strategic,Jessica Baker,2021-05-14,
ACC-10025,Wallace Genetics,Government,NAMER,Strategic,Lauren Hill,2021-08-16,
ACC-10026,Spectre Holdings,Transportation,EMEA,Strategic,Sarah Baker,2019-08-23,
ACC-10027,Yoyodyne Propulsion,Transportation,NAMER,Strategic,Kevin Roberts,2022-08-05,
ACC-10028,Bluth Real Estate,Retail,NAMER,Strategic,Steven Hernandez,2021-07-18,
ACC-10029,Krusty Foods,Insurance,EMEA,Strategic,Stephanie Allen,2020-01-01,
ACC-10030,Buy n Large Retail,Healthcare,NAMER,Strategic,Brian Green,2021-11-05,
ACC-10031,Cogswell Cogs,Manufacturing,EMEA,Strategic,Ryan Carter,2019-11-27,
ACC-10032,Spacely Sprockets,Transportation,NAMER,Strategic,Sarah Hill,2020-10-25,
ACC-10033,Planet Express Logistics,Healthcare,NAMER,Strategic,Ryan Martin,2020-05-05,
ACC-10034,Acme Anvil Co.,Media,APAC,Strategic,James Garcia,2021-09-22,CP-197
ACC-10035,Daily Planet Media,Transportation,LATAM,Strategic,Amanda Rodriguez,2022-09-13,
ACC-10036,Wernham Hogg Paper,Transportation,APAC,Strategic,Jessica Taylor,2021-12-16,CP-154
ACC-10037,Vehement Capital,Technology,NAMER,Strategic,Kimberly Carter,2022-11-13,
ACC-10038,Strickland Propane,Retail,NAMER,Strategic,Eric Nelson,2022-08-23,
ACC-10039,Compeyson Trust,Transportation,EMEA,Strategic,Heather Davis,2020-05-22,
ACC-10040,Krell Industries,Energy,NAMER,Strategic,Michael Nguyen,2022-02-08,
ACC-10041,Lockmart Defense,Technology,NAMER,Strategic,Sarah Jones,2022-12-20,
ACC-10042,Northbrook Energy,Technology,NAMER,Strategic,Lisa Williams,2020-11-07,
ACC-10043,Castle Black Holdings,Technology,NAMER,Strategic,Kevin Nelson,2021-09-21,
ACC-10044,Tarly Manufacturing,Manufacturing,APAC,Strategic,Rebecca Thomas,2021-08-26,CP-124
ACC-10045,Lannister Capital,Healthcare,NAMER,Strategic,Maria Nelson,2021-06-01,
ACC-10046,Stark Industries Northeast,Government,EMEA,Strategic,Thomas Campbell,2019-04-21,
ACC-10047,Targaryen Group,Pharmaceuticals,NAMER,Strategic,Maria Brown,2021-04-04,CP-113
ACC-10048,Whitewalker Cold Storage,Technology,NAMER,Strategic,Ashley Gonzalez,2022-01-03,
ACC-10049,Hightower Trading,Government,NAMER,Strategic,Daniel Moore,2021-08-05,
ACC-10050,Greyjoy Maritime,Healthcare,NAMER,Strategic,Heather Scott,2019-07-20,
ACC-10051,South-Sterling Works,Manufacturing,EMEA,Mid-Market,Samantha Young,2022-09-12,
ACC-10052,SummitStream Insurance,Financial Services,APAC,Mid-Market,Lauren Taylor,2024-05-24,CP-136
ACC-10053,VanguardData Logistics,Retail,APAC,Mid-Market,Matthew Brown,2023-04-01,
ACC-10054,RidgelineNet Corp,Media,NAMER,Enterprise,Rebecca Allen,2024-10-12,
ACC-10055,ZephyrCore Capital,Healthcare,NAMER,Enterprise,Lisa Baker,2024-10-31,
ACC-10056,BlackrockEdge Group,Media,NAMER,Enterprise,James Clark,2023-09-08,
ACC-10057,Goldleaf Dynamics,Pharmaceuticals,NAMER,Mid-Market,Nicole Thomas,2021-06-27,
ACC-10058,Lakeside Foods,Energy,NAMER,Enterprise,Lisa Smith,2022-07-27,
ACC-10059,Crown Corporation,Transportation,APAC,Enterprise,Matthew Allen,2021-06-27,
ACC-10060,ApexComp Financial,Retail,LATAM,Enterprise,Jessica Lewis,2024-09-03,
ACC-10061,BorealisTech Trust,Pharmaceuticals,NAMER,Mid-Market,Maria Rodriguez,2021-06-25,
ACC-10062,ContinentalForm & Co.,Media,APAC,Enterprise,Matthew Rivera,2021-12-03,
ACC-10063,Goldleaf Automotive,Telecommunications,EMEA,Mid-Market,Stephanie Brown,2020-07-08,
ACC-10064,Atlantic-North Resources,Manufacturing,NAMER,Mid-Market,Stephanie Hernandez,2024-02-27,
ACC-10065,South Technologies,Healthcare,NAMER,Enterprise,Christopher Wright,2020-03-14,CP-174
ACC-10066,Oakridge Solutions,Financial Services,EMEA,Mid-Market,Brian White,2024-06-18,CP-105
ACC-10067,Ironwood-Blackrock Networks,Energy,NAMER,Enterprise,Samantha Flores,2024-03-14,
ACC-10068,Meridian-Zenith Energy,Financial Services,NAMER,Enterprise,Daniel Mitchell,2021-11-11,CP-152
ACC-10069,Blackrock-Silverline Partners,Insurance,EMEA,Mid-Market,Maria Harris,2024-11-21,
ACC-10070,GraniteVerge Manufacturing,Retail,NAMER,Mid-Market,Emily Anderson,2020-02-18,
ACC-10071,CoppertopWave Global,Energy,EMEA,Enterprise,Michelle Sanchez,2023-10-23,CP-168
ACC-10072,WestNode International,Manufacturing,EMEA,Mid-Market,Stephanie Williams,2020-08-10,
ACC-10073,RidgelineTron Automotive,Healthcare,NAMER,Mid-Market,Lauren Torres,2021-01-24,
ACC-10074,North Logistics,Energy,NAMER,Mid-Market,Steven Jones,2023-09-22,CP-179
ACC-10075,PioneerLab Automotive,Retail,NAMER,Enterprise,Samantha Lee,2022-04-04,
ACC-10076,Anchor Energy,Pharmaceuticals,EMEA,Enterprise,Lauren Baker,2024-03-12,CP-178
ACC-10077,Kingsbury Industries,Retail,NAMER,Enterprise,Rachel Wilson,2022-05-30,CP-177
ACC-10078,Stonebridge Aerospace,Telecommunications,NAMER,Mid-Market,Matthew Allen,2022-08-27,CP-194
ACC-10079,QuantumGen Automotive,Pharmaceuticals,EMEA,Enterprise,Jason Garcia,2024-08-03,CP-130
ACC-10080,Maple Logistics,Manufacturing,NAMER,Enterprise,Michael Williams,2021-05-16,CP-178
ACC-10081,Vertex-Rosewood Energy,Pharmaceuticals,NAMER,Enterprise,Ashley Rivera,2023-11-27,
ACC-10082,HeritageTech Networks,Government,APAC,Mid-Market,Emily Lopez,2024-07-04,CP-166
ACC-10083,BlackrockNode Foods,Manufacturing,APAC,Mid-Market,Thomas Nelson,2022-12-23,CP-176
ACC-10084,PembertonYield Health,Transportation,NAMER,Mid-Market,Heather Hernandez,2024-03-03,CP-157
ACC-10085,BlackrockForm Materials,Pharmaceuticals,NAMER,Mid-Market,Andrew Moore,2022-06-19,
ACC-10086,SilverlineMetr Worldwide,Transportation,APAC,Mid-Market,James Rodriguez,2020-11-04,
ACC-10087,Cedar Corporation,Government,NAMER,Enterprise,Samantha Perez,2023-01-16,
ACC-10088,MontrosePlex Holdings,Media,NAMER,Enterprise,Lauren Walker,2020-01-13,CP-138
ACC-10089,Montrose Labs,Telecommunications,APAC,Mid-Market,Emily Moore,2022-06-11,
ACC-10090,KingsburyStream Foods,Manufacturing,NAMER,Enterprise,Kimberly Johnson,2022-03-17,
ACC-10091,Quantum Health,Manufacturing,NAMER,Enterprise,Thomas Lopez,2020-04-12,
ACC-10092,RosewoodMech Resources,Government,NAMER,Enterprise,Kevin Carter,2024-08-30,
ACC-10093,Thornton-East Corp,Energy,NAMER,Mid-Market,Emily Adams,2020-05-20,CP-183
ACC-10094,WestComp Logistics,Financial Services,EMEA,Mid-Market,Christopher Thomas,2020-09-15,
ACC-10095,CedarVerge International,Energy,LATAM,Enterprise,Jessica Hill,2023-05-28,CP-191
ACC-10096,MeridianLab Networks,Media,NAMER,Mid-Market,Michael Martin,2023-03-25,
ACC-10097,Ironside-Granite Corporation,Media,NAMER,Mid-Market,Andrew Miller,2023-11-28,CP-187
ACC-10098,Pioneer Group,Energy,NAMER,Enterprise,Kimberly Ramirez,2023-09-16,
ACC-10099,Bradford Industries,Government,NAMER,Mid-Market,Justin Miller,2022-06-06,CP-181
ACC-10100,Rosewood-Continental Health,Manufacturing,NAMER,Enterprise,Joshua Adams,2021-07-07,
ACC-10101,Underwood-Stonebridge Health,Insurance,NAMER,Mid-Market,Kevin Lee,2024-10-10,
ACC-10102,Coppertop-Quincy Works,Telecommunications,NAMER,Enterprise,Lauren Perez,2020-02-28,
ACC-10103,VanguardSoft Manufacturing,Retail,NAMER,Mid-Market,Jason Moore,2024-12-07,
ACC-10104,South-Aurelia Logistics,Healthcare,EMEA,Mid-Market,Andrew Campbell,2022-04-12,
ACC-10105,Thornton Materials,Telecommunications,EMEA,Enterprise,Michael Garcia,2021-08-25,
ACC-10106,Bayshore Financial,Telecommunications,EMEA,Enterprise,Joshua Thompson,2022-05-21,CP-170
ACC-10107,RosewoodForm Trust,Retail,NAMER,Mid-Market,Emily Davis,2024-01-17,
ACC-10108,CascadiaGrid Logistics,Technology,APAC,Enterprise,Rebecca Moore,2024-01-23,
ACC-10109,Brookfield Networks,Technology,NAMER,Enterprise,Rachel Anderson,2022-01-09,
ACC-10110,CascadiaCloud Global,Financial Services,EMEA,Enterprise,David Scott,2021-08-21,
ACC-10111,VanguardStack Industries,Media,NAMER,Mid-Market,Rachel Walker,2022-09-07,
ACC-10112,CentralDyn Beverages,Healthcare,NAMER,Mid-Market,Lisa Sanchez,2022-10-04,
ACC-10113,Central Enterprises,Manufacturing,NAMER,Mid-Market,Brian Garcia,2021-05-23,
ACC-10114,Maple Insurance,Telecommunications,NAMER,Mid-Market,Heather Martin,2024-10-27,
ACC-10115,SummitStack Dynamics,Pharmaceuticals,NAMER,Mid-Market,Matthew Taylor,2023-09-14,
ACC-10116,VertexStream Industries,Government,NAMER,Enterprise,Heather Hall,2023-05-01,
ACC-10117,BrookfieldGen Foods,Healthcare,APAC,Mid-Market,Emily Taylor,2024-06-01,CP-175
ACC-10118,Granite Health,Healthcare,EMEA,Enterprise,Kimberly Anderson,2023-08-19,
ACC-10119,HeritageWave Corp,Manufacturing,EMEA,Mid-Market,Brian Hill,2024-03-13,CP-136
ACC-10120,StonebridgeLab Pharmaceuticals,Retail,NAMER,Mid-Market,Michelle Wright,2022-10-08,
ACC-10121,Oakridge Worldwide,Media,APAC,Enterprise,Stephanie Johnson,2020-07-06,
ACC-10122,East Global,Media,EMEA,Mid-Market,Jennifer Carter,2024-03-28,
ACC-10123,Pemberton Global,Manufacturing,NAMER,Enterprise,Steven Green,2024-07-25,
ACC-10124,CamdenScan Resources,Energy,APAC,Mid-Market,Maria Hernandez,2021-11-06,
ACC-10125,KingsburyBridge Group,Telecommunications,EMEA,Mid-Market,James Lee,2021-05-31,
ACC-10126,Kingsbury-Zephyr Industries,Pharmaceuticals,NAMER,Mid-Market,Kimberly Robinson,2022-04-26,
ACC-10127,Wexford Aerospace,Financial Services,APAC,Enterprise,Matthew Moore,2023-01-29,
ACC-10128,VanguardNode Holdings,Pharmaceuticals,NAMER,Mid-Market,Andrew Rivera,2020-11-20,
ACC-10129,LancasterCore Labs,Healthcare,EMEA,Enterprise,Thomas Davis,2023-08-19,CP-163
ACC-10130,Highland-Zephyr Global,Government,NAMER,Enterprise,Rebecca Walker,2021-05-14,
ACC-10131,AnchorFlux Automotive,Insurance,EMEA,Mid-Market,Amanda Jones,2021-07-19,CP-153
ACC-10132,YardleyForm Industries,Retail,NAMER,Mid-Market,Brian Nguyen,2023-04-02,CP-162
ACC-10133,Quincy-Cascadia Beverages,Energy,NAMER,Mid-Market,Jason Scott,2024-04-11,
ACC-10134,HawthorneWare Works,Media,EMEA,Enterprise,Lauren Anderson,2024-10-19,CP-105
ACC-10135,ThorntonPlex Insurance,Pharmaceuticals,APAC,Mid-Market,Christopher Young,2020-03-16,
ACC-10136,Ashford-Crown Aerospace,Healthcare,EMEA,Mid-Market,Joshua Robinson,2020-02-01,
ACC-10137,ContinentalWave Beverages,Retail,NAMER,Enterprise,Jason Flores,2023-11-19,
ACC-10138,AshfordAxion Insurance,Energy,NAMER,Enterprise,Justin Wright,2020-03-14,
ACC-10139,BrookfieldSys Systems,Government,NAMER,Mid-Market,Maria Carter,2023-07-21,
ACC-10140,CardinalLab Holdings,Financial Services,EMEA,Mid-Market,Nicole Brown,2021-08-23,
ACC-10141,BlackrockZone Energy,Media,NAMER,Mid-Market,Daniel Hernandez,2020-12-24,
ACC-10142,Riverstone-Wexford Enterprises,Technology,NAMER,Mid-Market,Thomas Green,2021-06-04,
ACC-10143,Stonebridge & Co.,Pharmaceuticals,EMEA,Enterprise,Kimberly Hernandez,2020-05-31,
ACC-10144,LakesideTron International,Telecommunications,NAMER,Enterprise,Brian Gonzalez,2022-02-26,CP-113
ACC-10145,DoverDrive & Co.,Insurance,NAMER,Mid-Market,Rachel Johnson,2024-08-26,
ACC-10146,CentralFlux Materials,Retail,LATAM,Mid-Market,Emily Hill,2024-06-30,
ACC-10147,Whitehall Solutions,Pharmaceuticals,NAMER,Mid-Market,Maria Green,2023-08-16,
ACC-10148,Pacific Financial,Insurance,APAC,Enterprise,Amanda Garcia,2021-08-27,
ACC-10149,GraniteCloud Financial,Transportation,LATAM,Enterprise,Michelle Moore,2024-08-27,
ACC-10150,Underwood-Highland Resources,Healthcare,APAC,Mid-Market,Thomas Jones,2020-10-15,CP-128
ACC-10151,Ironside-Ellsworth Systems,Government,NAMER,Enterprise,Sarah Taylor,2023-01-03,
ACC-10152,GoldleafEdge Insurance,Pharmaceuticals,NAMER,Mid-Market,Ryan Miller,2023-10-14,
ACC-10153,HawthorneSys Corporation,Pharmaceuticals,EMEA,Enterprise,Thomas Hall,2021-09-10,
ACC-10154,AtlanticByte Trust,Telecommunications,EMEA,Mid-Market,Robert Miller,2021-04-25,CP-117
ACC-10155,FairmontAxion Energy,Media,NAMER,Mid-Market,Christopher Clark,2023-09-03,
ACC-10156,LancasterForm Group,Insurance,LATAM,Mid-Market,Ryan Wilson,2022-06-27,
ACC-10157,EllsworthStack Financial,Transportation,NAMER,Enterprise,Megan Brown,2022-03-26,
ACC-10158,Rosewood-Sterling Dynamics,Pharmaceuticals,EMEA,Mid-Market,Michael Brown,2024-05-30,
ACC-10159,Ironwood-Apex Dynamics,Media,EMEA,Mid-Market,Matthew Anderson,2021-11-03,CP-176
ACC-10160,HeritageCloud International,Manufacturing,NAMER,Enterprise,Robert Nelson,2024-11-09,
ACC-10161,RiverstoneEdge Worldwide,Financial Services,APAC,Mid-Market,Daniel Taylor,2020-04-17,
ACC-10162,BeaconWave Beverages,Telecommunications,APAC,Mid-Market,Ryan Allen,2023-04-30,
ACC-10163,Atlantic Trust,Telecommunications,NAMER,Mid-Market,Michael Brown,2022-09-07,CP-154
ACC-10164,Vanguard Aerospace,Healthcare,EMEA,Mid-Market,James Lee,2023-05-30,
ACC-10165,HawthornePlex & Co.,Telecommunications,EMEA,Mid-Market,Michelle Hill,2022-05-31,
ACC-10166,Cedar Health,Telecommunications,NAMER,Mid-Market,Emily Clark,2021-11-25,CP-151
ACC-10167,CrownMech Health,Energy,NAMER,Enterprise,Stephanie White,2020-11-08,
ACC-10168,SterlingCore Systems,Government,NAMER,Mid-Market,Maria Mitchell,2024-02-22,
ACC-10169,SummitEdge Resources,Pharmaceuticals,NAMER,Mid-Market,Robert Clark,2021-12-25,CP-196
ACC-10170,CentralGen Trust,Energy,EMEA,Enterprise,Maria Torres,2022-11-05,
ACC-10171,Maple Networks,Energy,NAMER,Enterprise,Ryan Davis,2024-04-10,
ACC-10172,NorwoodBridge Holdings,Media,NAMER,Mid-Market,Kevin Johnson,2021-01-04,
ACC-10173,Bradford Manufacturing,Financial Services,NAMER,Enterprise,Daniel Martinez,2023-03-05,
ACC-10174,WestCore Dynamics,Government,NAMER,Mid-Market,Samantha Robinson,2021-11-29,
ACC-10175,HawthorneDrive Systems,Financial Services,NAMER,Mid-Market,Christopher Hernandez,2024-03-25,
ACC-10176,Silverline Aerospace,Pharmaceuticals,NAMER,Enterprise,Steven Young,2023-05-28,
ACC-10177,ZephyrNode Manufacturing,Government,EMEA,Mid-Market,Robert Jackson,2023-10-20,
ACC-10178,BayshoreByte Labs,Government,LATAM,Mid-Market,David Smith,2021-02-22,
ACC-10179,LibertyDyn & Co.,Energy,NAMER,Mid-Market,Robert Smith,2022-10-15,
ACC-10180,GarrisonAxion Labs,Transportation,NAMER,Mid-Market,Megan Jones,2022-03-24,CP-105
ACC-10181,RosewoodWave Worldwide,Media,NAMER,Enterprise,Steven Torres,2022-04-08,
ACC-10182,BeaconPol Holdings,Energy,LATAM,Enterprise,Jessica Flores,2022-07-31,CP-146
ACC-10183,ImperialComp Health,Media,EMEA,Mid-Market,Eric King,2020-06-10,
ACC-10184,BradfordSys Resources,Manufacturing,NAMER,Enterprise,Lisa Allen,2023-07-20,
ACC-10185,Camden Manufacturing,Insurance,NAMER,Enterprise,Christopher Thomas,2020-07-29,
ACC-10186,ContinentalWave Capital,Pharmaceuticals,EMEA,Mid-Market,Justin Robinson,2024-03-25,
ACC-10187,Hawthorne Worldwide,Manufacturing,NAMER,Mid-Market,Heather Jones,2022-08-18,
ACC-10188,CoppertopEdge Corp,Energy,EMEA,Mid-Market,Michelle Jones,2021-09-27,
ACC-10189,FairmontGen Corporation,Pharmaceuticals,EMEA,Mid-Market,James Flores,2023-05-01,
ACC-10190,AtlanticVen Logistics,Energy,NAMER,Enterprise,Rebecca Allen,2020-11-04,CP-157
ACC-10191,BradfordCore Automotive,Pharmaceuticals,EMEA,Enterprise,Daniel Williams,2021-05-22,
ACC-10192,Borealis-Aurelia Partners,Energy,NAMER,Enterprise,Ryan Jackson,2022-03-04,
ACC-10193,CentralMetr Corporation,Energy,NAMER,Enterprise,Maria Scott,2023-10-21,
ACC-10194,ContinentalMetr Systems,Media,EMEA,Mid-Market,Christopher Thompson,2021-09-27,CP-189
ACC-10195,Frontier Systems,Retail,NAMER,Mid-Market,Lauren Adams,2024-06-09,
ACC-10196,BorealisCore Health,Transportation,NAMER,Mid-Market,Ryan Johnson,2022-01-12,
ACC-10197,Bradford-Vanguard Logistics,Technology,NAMER,Enterprise,Amanda Martinez,2020-06-07,
ACC-10198,Yardley Group,Pharmaceuticals,EMEA,Enterprise,Jason Roberts,2023-06-19,
ACC-10199,MeridianGrid Partners,Insurance,NAMER,Mid-Market,Heather Williams,2022-04-21,
ACC-10200,Pemberton & Co.,Insurance,EMEA,Enterprise,Heather Anderson,2022-12-29,
ACC-10201,Thornton-Anchor Financial,Pharmaceuticals,APAC,Mid-Market,Heather Robinson,2024-04-24,
ACC-10202,BorealisScan Partners,Technology,NAMER,Mid-Market,Amanda Taylor,2020-04-16,
ACC-10203,Imperial-Aurelia Technologies,Retail,EMEA,Enterprise,James Carter,2020-11-24,
ACC-10204,Heritage-Oakridge Systems,Technology,EMEA,Enterprise,Heather Thompson,2020-02-24,
ACC-10205,FairmontComp Insurance,Healthcare,EMEA,Mid-Market,Ryan Anderson,2020-02-27,
ACC-10206,AshfordData Solutions,Financial Services,EMEA,Enterprise,Rachel Walker,2023-11-26,CP-197
ACC-10207,Quincy Industries,Healthcare,NAMER,Mid-Market,Michael Taylor,2021-03-17,CP-170
ACC-10208,Borealis-Norwood Technologies,Retail,NAMER,Mid-Market,Andrew Martin,2020-09-06,
ACC-10209,RosewoodWave Technologies,Telecommunications,APAC,Mid-Market,Kimberly Johnson,2023-07-18,
ACC-10210,HeritageGen Health,Financial Services,NAMER,Enterprise,Megan Thomas,2023-03-14,
ACC-10211,Quantum Financial,Healthcare,NAMER,Enterprise,Joshua Wright,2022-11-05,CP-164
ACC-10212,Hampton Beverages,Financial Services,EMEA,Enterprise,Lauren White,2021-06-03,
ACC-10213,ApexOps Works,Insurance,NAMER,Enterprise,Maria Roberts,2023-04-06,
ACC-10214,AtlanticOps Resources,Pharmaceuticals,NAMER,Mid-Market,Daniel Roberts,2023-11-03,
ACC-10215,Magellan Solutions,Healthcare,NAMER,Mid-Market,Thomas Williams,2021-08-23,
ACC-10216,Atlantic Worldwide,Retail,EMEA,Enterprise,Michelle Sanchez,2024-07-27,
ACC-10217,AnchorGen Manufacturing,Financial Services,APAC,Mid-Market,Jason Moore,2020-09-11,CP-155
ACC-10218,Pemberton-Hampton Resources,Manufacturing,APAC,Mid-Market,Justin Hall,2022-10-15,
ACC-10219,Silverline Systems,Insurance,NAMER,Enterprise,Steven Garcia,2022-05-31,
ACC-10220,Drayton-Highland Worldwide,Healthcare,APAC,Mid-Market,James Lee,2023-09-15,
ACC-10221,NorwoodStream Aerospace,Energy,NAMER,Mid-Market,Heather Williams,2024-01-28,CP-145
ACC-10222,Oakridge Global,Pharmaceuticals,EMEA,Enterprise,David Jones,2023-10-06,
ACC-10223,MeridianLogic Enterprises,Media,APAC,Enterprise,Heather Williams,2020-09-15,
ACC-10224,Ellsworth Financial,Government,NAMER,Mid-Market,Jennifer Hill,2020-11-10,
ACC-10225,Fairmont-Pemberton Corporation,Media,EMEA,Mid-Market,Amanda King,2022-01-21,
ACC-10226,Blackrock Technologies,Financial Services,APAC,Enterprise,Daniel Young,2022-11-26,
ACC-10227,Goldleaf International,Insurance,APAC,Mid-Market,Heather Wilson,2023-06-07,
ACC-10228,Vanguard-Granite Technologies,Manufacturing,APAC,Enterprise,Lisa Lewis,2020-12-19,CP-156
ACC-10229,Ridgeline-Camden Corporation,Transportation,NAMER,Enterprise,Kimberly Jackson,2024-12-30,
ACC-10230,ZenithPhase Automotive,Technology,NAMER,Mid-Market,Robert Gonzalez,2024-06-10,
ACC-10231,West Financial,Transportation,LATAM,Enterprise,Ryan Robinson,2024-07-03,CP-116
ACC-10232,Sterling Corporation,Retail,EMEA,Mid-Market,Eric Rivera,2024-01-12,
ACC-10233,LancasterDrive Corporation,Manufacturing,NAMER,Mid-Market,Nicole Adams,2020-05-31,
ACC-10234,Camden Solutions,Transportation,NAMER,Enterprise,Daniel Roberts,2020-09-21,
ACC-10235,Summit-Pioneer Enterprises,Retail,EMEA,Mid-Market,Jessica Hernandez,2021-10-22,CP-128
ACC-10236,AureliaGen Systems,Retail,EMEA,Mid-Market,Ashley Green,2023-02-02,
ACC-10237,Cascadia Systems,Transportation,NAMER,Enterprise,Jessica Nguyen,2023-04-04,
ACC-10238,Bradford Group,Financial Services,NAMER,Enterprise,James Williams,2023-08-06,CP-133
ACC-10239,Montrose Holdings,Telecommunications,APAC,Enterprise,Kimberly Jackson,2023-08-07,CP-161
ACC-10240,KingsburyLab Foods,Healthcare,NAMER,Enterprise,David Hernandez,2022-06-19,
ACC-10241,BradfordFlux Enterprises,Energy,EMEA,Enterprise,Nicole Campbell,2024-10-28,
ACC-10242,FairmontYield Networks,Energy,NAMER,Mid-Market,Andrew Robinson,2020-09-07,
ACC-10243,CrownNet & Co.,Government,EMEA,Enterprise,Samantha Thomas,2024-11-07,CP-141
ACC-10244,Ridgeline-Anchor Partners,Telecommunications,APAC,Enterprise,Michelle Robinson,2022-10-18,CP-163
ACC-10245,IronsideYield Foods,Technology,NAMER,Mid-Market,Matthew Nguyen,2021-12-23,
ACC-10246,ThorntonGen Industries,Healthcare,LATAM,Enterprise,Steven Rodriguez,2024-12-12,
ACC-10247,KingsburyPhase Group,Government,NAMER,Enterprise,David Torres,2023-02-24,
ACC-10248,Vertex Insurance,Transportation,APAC,Mid-Market,Heather Carter,2023-01-31,
ACC-10249,Pioneer-Frontier Networks,Government,EMEA,Mid-Market,Ryan Perez,2023-02-16,CP-196
ACC-10250,ZephyrPol Automotive,Financial Services,NAMER,Enterprise,Jennifer Williams,2020-10-07,
ACC-10251,Aurelia-Rosewood Enterprises,Media,EMEA,Mid-Market,Michelle Rodriguez,2021-11-02,CP-140
ACC-10252,LakesideEdge Resources,Transportation,APAC,Enterprise,Michelle Wright,2022-09-30,
ACC-10253,EastPhase Resources,Pharmaceuticals,NAMER,Enterprise,Robert Clark,2023-04-10,
ACC-10254,West-Thornton International,Pharmaceuticals,NAMER,Enterprise,Emily Campbell,2020-04-15,
ACC-10255,GarrisonData Works,Financial Services,NAMER,Enterprise,Robert Gonzalez,2020-02-08,
ACC-10256,LancasterSoft Energy,Transportation,EMEA,Enterprise,Rebecca Mitchell,2024-01-29,
ACC-10257,IronwoodBridge Worldwide,Pharmaceuticals,EMEA,Mid-Market,Rebecca King,2022-02-10,
ACC-10258,CascadiaMetr Manufacturing,Pharmaceuticals,NAMER,Mid-Market,Stephanie Flores,2022-09-18,
ACC-10259,LakesideSys Trust,Retail,APAC,Enterprise,Matthew Hall,2023-12-14,
ACC-10260,CoppertopGen Technologies,Media,LATAM,Enterprise,Kimberly Harris,2022-03-19,CP-198
ACC-10261,Highland-Atlantic & Co.,Insurance,LATAM,Enterprise,James Thompson,2022-06-24,
ACC-10262,Cedar Logistics,Transportation,APAC,Enterprise,Kevin Scott,2023-11-26,
ACC-10263,RiverstoneComp Corp,Pharmaceuticals,LATAM,Mid-Market,Joshua Anderson,2023-07-30,
ACC-10264,AshfordVolt Networks,Pharmaceuticals,EMEA,Enterprise,Amanda Smith,2023-02-01,CP-120
ACC-10265,ThorntonVolt Logistics,Retail,NAMER,Mid-Market,Nicole Jackson,2023-08-15,
ACC-10266,Birch Group,Manufacturing,EMEA,Mid-Market,Samantha Lopez,2020-03-15,CP-150
ACC-10267,Magellan & Co.,Financial Services,EMEA,Mid-Market,Sarah Martin,2023-03-09,
ACC-10268,Ashford-Brookfield Foods,Pharmaceuticals,APAC,Mid-Market,Kimberly King,2022-10-08,CP-117
ACC-10269,Stonebridge-Silverline Logistics,Healthcare,NAMER,Enterprise,Jason Hernandez,2024-02-06,
ACC-10270,MagellanTech Resources,Retail,APAC,Mid-Market,Ashley Lopez,2023-06-05,CP-151
ACC-10271,Zephyr-Hawthorne Systems,Government,EMEA,Mid-Market,Maria Lopez,2020-10-14,
ACC-10272,North-Goldleaf Insurance,Technology,NAMER,Enterprise,Heather Carter,2021-06-30,CP-138
ACC-10273,South International,Pharmaceuticals,NAMER,Mid-Market,Ryan Hall,2021-04-28,
ACC-10274,BayshoreStream Pharmaceuticals,Pharmaceuticals,NAMER,Mid-Market,Michelle Rivera,2024-04-25,
ACC-10275,HighlandPhase Labs,Technology,LATAM,Mid-Market,Amanda Walker,2020-11-09,
ACC-10276,Fairmont-Montrose Beverages,Transportation,NAMER,Mid-Market,Matthew Carter,2021-05-21,
ACC-10277,Quantum Aerospace,Transportation,APAC,Enterprise,Ryan Jones,2023-03-01,
ACC-10278,Yardley-Granite Enterprises,Manufacturing,NAMER,Mid-Market,Nicole King,2022-06-23,
ACC-10279,VanguardCore Automotive,Telecommunications,APAC,Mid-Market,David Robinson,2020-09-27,
ACC-10280,SummitBridge Foods,Pharmaceuticals,EMEA,Mid-Market,Brian Campbell,2020-02-14,
ACC-10281,Cedar-Vertex Group,Government,NAMER,Mid-Market,Megan Hall,2020-05-10,
ACC-10282,ApexVolt Group,Retail,APAC,Mid-Market,Samantha Lopez,2024-04-23,
ACC-10283,Montrose Financial,Government,NAMER,Enterprise,Heather Harris,2022-02-08,
ACC-10284,Drayton-Liberty Manufacturing,Healthcare,APAC,Enterprise,Daniel Wright,2022-03-15,
ACC-10285,Maple Industries,Financial Services,NAMER,Mid-Market,Brian Robinson,2023-10-11,
ACC-10286,GarrisonSys Works,Telecommunications,NAMER,Mid-Market,Megan Martinez,2021-07-18,
ACC-10287,Beacon-Pacific Energy,Media,APAC,Mid-Market,Michael Thomas,2021-02-26,
ACC-10288,Quincy Corp,Technology,NAMER,Mid-Market,Jennifer Sanchez,2022-06-17,
ACC-10289,SummitCloud Automotive,Retail,NAMER,Enterprise,Emily Campbell,2023-03-25,
ACC-10290,Hawthorne Works,Retail,APAC,Enterprise,Christopher Nelson,2022-12-03,
ACC-10291,SummitBridge Capital,Pharmaceuticals,LATAM,Mid-Market,Steven Scott,2022-10-12,
ACC-10292,GarrisonZone Worldwide,Insurance,EMEA,Mid-Market,Samantha Clark,2020-11-01,
ACC-10293,CascadiaVolt Works,Technology,APAC,Mid-Market,Brian Rivera,2020-10-22,CP-107
ACC-10294,Montrose Solutions,Government,NAMER,Mid-Market,Andrew Taylor,2021-02-20,
ACC-10295,QuincyPhase Systems,Transportation,NAMER,Mid-Market,Ashley Brown,2021-07-03,
ACC-10296,Atlantic Corporation,Technology,EMEA,Mid-Market,Matthew Walker,2021-03-03,CP-142
ACC-10297,SouthSoft Logistics,Insurance,EMEA,Enterprise,Robert Mitchell,2024-03-24,
ACC-10298,IronwoodPol Works,Transportation,NAMER,Mid-Market,Nicole Roberts,2021-08-02,
ACC-10299,Dover Trust,Retail,EMEA,Enterprise,Ryan Allen,2024-12-12,
ACC-10300,ThorntonMech Dynamics,Energy,EMEA,Mid-Market,Nicole Clark,2020-04-03,
ACC-10301,HeritageLogic International,Transportation,APAC,Mid-Market,Samantha Jackson,2020-11-08,
ACC-10302,BlackrockWare Resources,Retail,EMEA,Mid-Market,Justin Campbell,2023-08-07,
ACC-10303,DoverStream Solutions,Insurance,NAMER,Mid-Market,Kimberly Young,2021-01-11,CP-169
ACC-10304,Summit-Borealis Group,Healthcare,NAMER,Enterprise,David Carter,2020-01-14,
ACC-10305,Birch-Apex Enterprises,Financial Services,EMEA,Mid-Market,Matthew Allen,2022-07-22,
ACC-10306,Underwood Materials,Financial Services,NAMER,Mid-Market,Sarah Wright,2023-02-03,
ACC-10307,CoppertopAxion & Co.,Financial Services,NAMER,Enterprise,Michelle Hall,2023-10-12,
ACC-10308,Zenith-Imperial Networks,Transportation,EMEA,Enterprise,Christopher Thomas,2021-01-28,
ACC-10309,DoverForm Pharmaceuticals,Healthcare,NAMER,Enterprise,Ryan Sanchez,2022-07-29,
ACC-10310,Maple-Lakeside Systems,Pharmaceuticals,NAMER,Mid-Market,Jennifer Garcia,2022-04-10,
ACC-10311,Summit Industries,Insurance,EMEA,Mid-Market,Jessica Garcia,2022-10-20,CP-182
ACC-10312,Crown Group,Technology,EMEA,Enterprise,Matthew Hall,2024-12-22,
ACC-10313,VertexForm Group,Manufacturing,APAC,Mid-Market,Nicole Johnson,2021-02-28,
ACC-10314,Ironside Corporation,Retail,APAC,Enterprise,Jessica Torres,2021-05-07,
ACC-10315,Drayton-Ashford Insurance,Insurance,NAMER,Mid-Market,Amanda Hall,2024-01-23,
ACC-10316,Camden Corp,Healthcare,LATAM,Mid-Market,Steven Anderson,2024-09-13,
ACC-10317,Ironside Worldwide,Financial Services,NAMER,Mid-Market,Kevin Lewis,2022-10-01,
ACC-10318,Garrison Health,Manufacturing,NAMER,Mid-Market,Lauren Garcia,2024-04-30,
ACC-10319,Vertex Systems,Retail,NAMER,Enterprise,Christopher Harris,2023-12-28,CP-119
ACC-10320,Ridgeline Financial,Healthcare,NAMER,Enterprise,James Smith,2021-09-23,
ACC-10321,Imperial Solutions,Healthcare,EMEA,Enterprise,Daniel Ramirez,2022-07-08,
ACC-10322,Imperial Holdings,Healthcare,NAMER,Enterprise,Megan Scott,2020-07-09,
ACC-10323,Hampton Industries,Retail,NAMER,Mid-Market,Samantha Harris,2024-05-14,
ACC-10324,Blackrock-Aurelia Partners,Pharmaceuticals,NAMER,Mid-Market,Lauren Hernandez,2020-10-11,
ACC-10325,HeritageWave Partners,Government,NAMER,Enterprise,Kevin Clark,2021-09-05,
ACC-10326,WhitehallComp Materials,Media,NAMER,Enterprise,Ashley Robinson,2020-08-07,
ACC-10327,IronsideMetr Insurance,Energy,NAMER,Enterprise,Heather Perez,2022-05-31,CP-183
ACC-10328,Liberty-Lakeside Worldwide,Media,NAMER,Enterprise,Ashley Walker,2021-10-05,
ACC-10329,RidgelineGen Materials,Media,NAMER,Enterprise,Andrew Lee,2022-02-09,
ACC-10330,Ellsworth Technologies,Media,EMEA,Mid-Market,Ashley Nguyen,2023-01-22,
ACC-10331,West Foods,Insurance,EMEA,Enterprise,Matthew Lewis,2024-06-21,
ACC-10332,Lancaster Materials,Manufacturing,NAMER,Mid-Market,Brian Thomas,2021-06-01,
ACC-10333,Garrison Corporation,Telecommunications,APAC,Mid-Market,Rebecca Nguyen,2022-03-31,
ACC-10334,Montrose-Drayton Group,Energy,NAMER,Enterprise,Kimberly Hill,2023-07-30,CP-113
ACC-10335,Dover Partners,Pharmaceuticals,EMEA,Mid-Market,Jennifer Torres,2023-08-14,
ACC-10336,AshfordTron Networks,Financial Services,NAMER,Enterprise,Maria Taylor,2021-03-30,
ACC-10337,Maple Aerospace,Energy,NAMER,Enterprise,Eric Robinson,2024-04-30,
ACC-10338,Continental Manufacturing,Financial Services,NAMER,Mid-Market,Rebecca Miller,2021-08-28,
ACC-10339,Beacon-Heritage Manufacturing,Retail,EMEA,Mid-Market,Jason Robinson,2024-05-25,
ACC-10340,ThorntonStack Aerospace,Insurance,NAMER,Enterprise,Heather Lee,2020-05-17,
ACC-10341,Beacon-East Resources,Pharmaceuticals,APAC,Mid-Market,Maria Baker,2024-06-26,
ACC-10342,Blackrock-Aurelia Capital,Transportation,NAMER,Mid-Market,Jessica Perez,2023-02-20,
ACC-10343,KingsburyGrid Capital,Pharmaceuticals,NAMER,Enterprise,Steven Sanchez,2020-02-29,
ACC-10344,Quincy-Norwood Insurance,Financial Services,NAMER,Mid-Market,Matthew Wilson,2021-07-24,CP-108
ACC-10345,Cascadia Capital,Energy,NAMER,Enterprise,Nicole Gonzalez,2022-07-26,
ACC-10346,Vanguard Worldwide,Media,NAMER,Enterprise,Lauren Flores,2022-03-14,
ACC-10347,RosewoodGrid Trust,Media,NAMER,Enterprise,James Baker,2020-10-01,
ACC-10348,BeaconGrid Financial,Insurance,APAC,Enterprise,Christopher Allen,2022-03-06,
ACC-10349,HamptonTron Capital,Telecommunications,EMEA,Mid-Market,Kimberly Hall,2023-08-14,CP-122
ACC-10350,Vanguard & Co.,Manufacturing,NAMER,Mid-Market,Daniel Lee,2024-09-20,
ACC-10351,DoverTech Materials,Manufacturing,NAMER,Enterprise,Ashley Harris,2023-02-24,
ACC-10352,VanguardScan Aerospace,Telecommunications,EMEA,Mid-Market,Jessica Garcia,2023-03-03,
ACC-10353,Highland Group,Retail,NAMER,Enterprise,Emily Wright,2021-08-14,
ACC-10354,WexfordBridge Automotive,Healthcare,NAMER,Enterprise,Robert Moore,2024-05-06,
ACC-10355,Drayton-Atlantic Aerospace,Transportation,EMEA,Mid-Market,Matthew Ramirez,2020-07-28,
ACC-10356,Blackrock Trust,Financial Services,LATAM,Enterprise,Heather Taylor,2021-12-14,CP-111
ACC-10357,PioneerComp Dynamics,Insurance,NAMER,Mid-Market,Megan Rivera,2023-06-03,
ACC-10358,LibertySoft Dynamics,Financial Services,NAMER,Enterprise,Megan Wright,2021-07-29,
ACC-10359,HighlandGen Global,Transportation,NAMER,Enterprise,Maria Rodriguez,2024-03-16,CP-107
ACC-10360,Frontier-Frontier Works,Manufacturing,NAMER,Enterprise,Nicole Thomas,2024-04-08,CP-150
ACC-10361,SilverlineScan Insurance,Telecommunications,APAC,Enterprise,Lisa Green,2024-06-15,CP-111
ACC-10362,CoppertopPhase Foods,Telecommunications,NAMER,Enterprise,Nicole Nguyen,2020-01-06,CP-193
ACC-10363,RosewoodOps Corporation,Transportation,LATAM,Enterprise,Eric Wilson,2022-05-29,CP-163
ACC-10364,BrookfieldMetr Solutions,Media,NAMER,Enterprise,Justin Perez,2023-10-29,CP-105
ACC-10365,RosewoodLogic Technologies,Manufacturing,APAC,Mid-Market,Heather Robinson,2020-01-02,CP-154
ACC-10366,FrontierLab Partners,Retail,NAMER,Mid-Market,James Adams,2022-01-08,
ACC-10367,CardinalNet Pharmaceuticals,Pharmaceuticals,EMEA,Enterprise,Brian Campbell,2023-12-03,CP-154
ACC-10368,Crown Industries,Technology,EMEA,Mid-Market,Rebecca Jones,2020-09-28,
ACC-10369,Pemberton Industries,Financial Services,NAMER,Mid-Market,Jason Davis,2024-10-27,
ACC-10370,VertexSys Insurance,Healthcare,NAMER,Mid-Market,Maria Miller,2021-10-03,
ACC-10371,GarrisonCloud Enterprises,Healthcare,NAMER,Enterprise,Joshua Torres,2020-01-18,
ACC-10372,CamdenSoft Enterprises,Government,NAMER,Mid-Market,Heather Wilson,2020-06-26,CP-117
ACC-10373,Hampton Manufacturing,Government,EMEA,Enterprise,Nicole Rodriguez,2021-05-22,
ACC-10374,BrookfieldLogic Trust,Technology,EMEA,Enterprise,Joshua Hill,2022-11-09,
ACC-10375,CentralComp Materials,Government,NAMER,Enterprise,Robert Thomas,2022-10-20,
ACC-10376,SouthPhase Worldwide,Manufacturing,NAMER,Mid-Market,Lauren Torres,2022-05-11,
ACC-10377,Thornton Corporation,Financial Services,NAMER,Enterprise,Lisa Smith,2021-06-20,
ACC-10378,Ironside-Yardley & Co.,Pharmaceuticals,LATAM,Enterprise,Michelle Roberts,2022-04-30,
ACC-10379,CascadiaAxion Enterprises,Retail,APAC,Enterprise,James Martin,2020-06-10,
ACC-10380,ContinentalAxion Worldwide,Government,EMEA,Enterprise,Lisa Martin,2023-12-01,
ACC-10381,Riverstone-Summit Works,Healthcare,EMEA,Mid-Market,Steven Davis,2022-07-17,
ACC-10382,ZenithNode Industries,Insurance,NAMER,Mid-Market,Amanda Hall,2020-01-24,
ACC-10383,Aurelia-Aurelia International,Manufacturing,APAC,Enterprise,Ryan Rodriguez,2024-03-15,CP-134
ACC-10384,Pioneer Holdings,Energy,LATAM,Mid-Market,Steven Moore,2022-12-08,
ACC-10385,Vertex Materials,Telecommunications,EMEA,Enterprise,Michelle White,2020-04-23,
ACC-10386,Fairmont Partners,Retail,NAMER,Mid-Market,Maria Torres,2023-10-12,
ACC-10387,ZephyrTech Group,Financial Services,EMEA,Enterprise,Andrew Williams,2022-08-24,
ACC-10388,Zenith-Pacific Energy,Technology,APAC,Mid-Market,Nicole Thomas,2022-05-02,CP-140
ACC-10389,VertexDrive Financial,Healthcare,EMEA,Enterprise,Michelle Baker,2020-04-17,
ACC-10390,Atlantic-Kingsbury Corporation,Telecommunications,NAMER,Enterprise,Rachel Roberts,2024-09-26,
ACC-10391,RosewoodTech Financial,Technology,APAC,Enterprise,Rachel Torres,2024-05-25,
ACC-10392,Stonebridge Financial,Media,NAMER,Mid-Market,Justin Roberts,2024-05-08,
ACC-10393,Blackrock-Continental Industries,Government,APAC,Enterprise,Michael Anderson,2023-01-14,
ACC-10394,South-Ashford Industries,Pharmaceuticals,APAC,Enterprise,Lauren Mitchell,2024-01-29,
ACC-10395,RiverstoneScan Materials,Financial Services,NAMER,Enterprise,Christopher Rivera,2021-07-27,
ACC-10396,Aurelia-Lancaster Financial,Telecommunications,NAMER,Mid-Market,James Nguyen,2020-07-14,
ACC-10397,Summit Health,Pharmaceuticals,NAMER,Mid-Market,Amanda Thomas,2021-08-20,
ACC-10398,IronsideMech Worldwide,Telecommunications,APAC,Enterprise,Kevin Anderson,2020-06-01,CP-117
ACC-10399,Imperial Enterprises,Healthcare,NAMER,Enterprise,Jessica Lewis,2022-08-12,
ACC-10400,DoverSoft Aerospace,Retail,EMEA,Mid-Market,Thomas Taylor,2024-10-11,
ACC-10401,LakesideFlux Group,Technology,APAC,Enterprise,Nicole Martinez,2020-07-05,
ACC-10402,Ironside-Zephyr Corp,Pharmaceuticals,NAMER,Mid-Market,Brian Taylor,2024-08-06,CP-103
ACC-10403,Quincy-Blackrock Networks,Telecommunications,EMEA,Enterprise,Maria Rodriguez,2020-09-05,
ACC-10404,Maple-Frontier Logistics,Government,NAMER,Mid-Market,Ryan Baker,2023-07-14,CP-110
ACC-10405,Goldleaf Corporation,Financial Services,EMEA,Mid-Market,Lisa Gonzalez,2023-08-15,
ACC-10406,AshfordNode Group,Telecommunications,NAMER,Enterprise,David Hernandez,2023-03-21,
ACC-10407,Wexford Holdings,Government,EMEA,Enterprise,Steven Lopez,2021-12-25,
ACC-10408,CoppertopVen Enterprises,Financial Services,EMEA,Enterprise,Andrew Adams,2021-08-27,
ACC-10409,Underwood-Summit Systems,Retail,APAC,Mid-Market,Lauren Rodriguez,2022-05-08,
ACC-10410,Borealis-Blackrock Holdings,Government,APAC,Enterprise,Megan Walker,2023-01-20,CP-144
ACC-10411,Yardley-Hawthorne Insurance,Retail,APAC,Enterprise,Daniel Johnson,2021-10-15,
ACC-10412,CoppertopNet Beverages,Transportation,NAMER,Enterprise,Megan Roberts,2023-04-11,CP-120
ACC-10413,RiverstoneForm Corp,Technology,NAMER,Mid-Market,Lauren Thompson,2024-09-14,CP-122
ACC-10414,RidgelineOps Holdings,Insurance,EMEA,Enterprise,Megan Torres,2023-02-28,
ACC-10415,Wexford-Drayton Trust,Manufacturing,EMEA,Mid-Market,Justin Williams,2020-07-03,
ACC-10416,East Beverages,Financial Services,NAMER,Mid-Market,Jason Flores,2021-02-16,CP-143
ACC-10417,Hawthorne Corp,Financial Services,NAMER,Enterprise,Christopher Nguyen,2023-12-14,CP-199
ACC-10418,BorealisPhase Corporation,Energy,APAC,Enterprise,Eric Nguyen,2020-07-25,
ACC-10419,MeridianTron Materials,Pharmaceuticals,NAMER,Mid-Market,Nicole Lopez,2023-12-19,CP-188
ACC-10420,Dover-Maple Capital,Government,APAC,Mid-Market,Brian Campbell,2023-11-11,
ACC-10421,NorthDrive Pharmaceuticals,Media,EMEA,Enterprise,Jennifer Lopez,2023-05-18,
ACC-10422,Maple-Imperial Materials,Manufacturing,EMEA,Mid-Market,Jason Mitchell,2020-06-08,
ACC-10423,Cardinal-Sterling Resources,Telecommunications,APAC,Enterprise,Sarah Taylor,2021-03-05,
ACC-10424,WhitehallStack Industries,Financial Services,EMEA,Mid-Market,Lauren Lewis,2024-02-09,
ACC-10425,LancasterWare Insurance,Energy,APAC,Mid-Market,Kimberly Harris,2020-07-26,CP-173
ACC-10426,Maple Partners,Telecommunications,NAMER,Mid-Market,Lisa Williams,2021-08-26,
ACC-10427,ImperialWave Resources,Manufacturing,EMEA,Mid-Market,Lauren Hernandez,2024-02-08,
ACC-10428,Sterling-Bradford Beverages,Insurance,EMEA,Enterprise,Michael Ramirez,2023-08-31,
ACC-10429,Meridian-Central Networks,Energy,APAC,Mid-Market,Matthew Gonzalez,2022-04-18,
ACC-10430,Drayton International,Pharmaceuticals,NAMER,Mid-Market,Rachel Martin,2021-05-01,
ACC-10431,VanguardData Corp,Energy,APAC,Mid-Market,Sarah Ramirez,2020-06-28,
ACC-10432,Underwood Logistics,Healthcare,APAC,Enterprise,Michael Wilson,2020-12-15,
ACC-10433,Thornton-Beacon Trust,Government,NAMER,Mid-Market,Rebecca Young,2023-09-15,
ACC-10434,Hampton Capital,Energy,NAMER,Mid-Market,Lauren White,2021-01-17,
ACC-10435,StonebridgeDyn Labs,Retail,NAMER,Enterprise,David Martinez,2024-03-20,
ACC-10436,CamdenAxion Energy,Media,NAMER,Mid-Market,Emily Scott,2020-05-04,CP-166
ACC-10437,QuantumPol Group,Transportation,NAMER,Enterprise,Joshua Torres,2023-10-19,CP-118
ACC-10438,QuincyGrid Partners,Technology,APAC,Mid-Market,Ashley Rodriguez,2020-03-28,
ACC-10439,Oakridge-Granite Enterprises,Media,NAMER,Enterprise,Stephanie Lee,2024-01-29,CP-108
ACC-10440,IronsideBridge Worldwide,Retail,NAMER,Mid-Market,Joshua Robinson,2024-11-23,
ACC-10441,Aurelia Energy,Healthcare,NAMER,Enterprise,Samantha Martinez,2020-10-30,
ACC-10442,Crown Networks,Media,NAMER,Enterprise,Maria Jackson,2024-11-11,
ACC-10443,LancasterDyn Insurance,Pharmaceuticals,NAMER,Mid-Market,Justin Torres,2023-06-01,
ACC-10444,KingsburyData Pharmaceuticals,Financial Services,NAMER,Mid-Market,Eric Perez,2023-11-15,
ACC-10445,Silverline Financial,Financial Services,EMEA,Mid-Market,Jason Martin,2021-09-28,
ACC-10446,CrownSys Solutions,Retail,EMEA,Enterprise,Heather Roberts,2024-08-18,
ACC-10447,Sterling Logistics,Telecommunications,LATAM,Enterprise,Matthew Clark,2024-02-26,
ACC-10448,Fairmont Corp,Transportation,NAMER,Enterprise,Jessica Jones,2021-09-29,
ACC-10449,BorealisDrive Holdings,Manufacturing,LATAM,Enterprise,Ashley Gonzalez,2024-09-10,
ACC-10450,CentralPhase Logistics,Retail,EMEA,Mid-Market,Ryan Robinson,2022-10-31,
ACC-10451,West-Riverstone Financial,Telecommunications,EMEA,Enterprise,Heather Lopez,2024-11-17,
ACC-10452,Camden Partners,Retail,APAC,Enterprise,James Jackson,2020-02-26,
ACC-10453,CedarSys Labs,Pharmaceuticals,NAMER,Enterprise,Matthew Moore,2023-08-27,
ACC-10454,SouthVolt Solutions,Pharmaceuticals,NAMER,Enterprise,Daniel Hill,2024-06-28,
ACC-10455,BayshoreForm Health,Government,NAMER,Mid-Market,Megan Robinson,2021-05-31,
ACC-10456,AureliaPol Networks,Financial Services,NAMER,Mid-Market,Michelle Nelson,2024-09-23,CP-171
ACC-10457,Brookfield Trust,Pharmaceuticals,NAMER,Mid-Market,Maria Walker,2020-05-10,
ACC-10458,HawthorneForm International,Pharmaceuticals,EMEA,Enterprise,Brian Gonzalez,2020-11-03,
ACC-10459,SummitFlux Pharmaceuticals,Pharmaceuticals,NAMER,Enterprise,Nicole Baker,2020-10-13,
ACC-10460,Highland International,Government,APAC,Mid-Market,Eric Harris,2024-02-17,
ACC-10461,Anchor Resources,Insurance,NAMER,Enterprise,Emily Baker,2022-12-30,
ACC-10462,DoverYield Trust,Manufacturing,NAMER,Mid-Market,Daniel Jackson,2020-07-18,
ACC-10463,Magellan Resources,Pharmaceuticals,NAMER,Enterprise,James Anderson,2021-12-28,
ACC-10464,Montrose-Ashford Financial,Retail,EMEA,Mid-Market,Rachel Robinson,2024-10-09,
ACC-10465,VertexVolt Logistics,Transportation,NAMER,Enterprise,Robert Baker,2022-02-20,
ACC-10466,ContinentalCloud Logistics,Energy,EMEA,Enterprise,Samantha Torres,2022-07-26,
ACC-10467,Magellan-Quantum Materials,Energy,NAMER,Enterprise,Daniel Lee,2023-07-23,
ACC-10468,IronwoodStream Partners,Telecommunications,NAMER,Mid-Market,James Rodriguez,2023-06-12,
ACC-10469,NorwoodVolt Insurance,Financial Services,NAMER,Mid-Market,Jennifer Wright,2021-02-12,
ACC-10470,Hawthorne-Borealis Logistics,Financial Services,NAMER,Enterprise,Sarah Green,2024-02-11,
ACC-10471,Camden Trust,Manufacturing,APAC,Mid-Market,Maria Harris,2022-10-27,
ACC-10472,AtlanticLab & Co.,Telecommunications,NAMER,Mid-Market,Joshua Hill,2022-12-09,
ACC-10473,Liberty-Bradford Materials,Energy,NAMER,Mid-Market,Ashley Hernandez,2024-07-20,
ACC-10474,FrontierSoft Holdings,Media,APAC,Enterprise,Michelle Hernandez,2020-09-09,
ACC-10475,Pacific Insurance,Pharmaceuticals,NAMER,Enterprise,Stephanie Roberts,2022-12-31,
ACC-10476,Central Networks,Pharmaceuticals,NAMER,Enterprise,Michael Brown,2023-11-13,
ACC-10477,PioneerBridge International,Telecommunications,EMEA,Enterprise,Christopher Wilson,2023-11-24,
ACC-10478,MontroseStack Global,Media,APAC,Enterprise,Amanda Clark,2024-08-28,CP-165
ACC-10479,Pioneer & Co.,Healthcare,NAMER,Mid-Market,Maria Young,2021-02-10,
ACC-10480,Aurelia Logistics,Energy,NAMER,Enterprise,Samantha Jackson,2020-11-24,
ACC-10481,IronwoodVolt Resources,Technology,NAMER,Mid-Market,Sarah Smith,2023-10-07,
ACC-10482,WexfordData Systems,Transportation,NAMER,Mid-Market,Lisa Campbell,2024-01-21,
ACC-10483,BirchVerge & Co.,Retail,NAMER,Mid-Market,Thomas Brown,2020-07-23,CP-105
ACC-10484,Ellsworth-Ridgeline Health,Insurance,APAC,Enterprise,Robert Miller,2024-10-09,CP-105
ACC-10485,LibertyStream Resources,Energy,NAMER,Mid-Market,Heather Flores,2021-07-03,CP-111
ACC-10486,BradfordGrid Technologies,Government,NAMER,Mid-Market,Eric Robinson,2021-07-10,CP-188
ACC-10487,Montrose-Cardinal Technologies,Manufacturing,EMEA,Mid-Market,David Hernandez,2020-07-31,
ACC-10488,Pemberton Capital,Media,NAMER,Enterprise,Lauren Roberts,2022-01-04,
ACC-10489,Frontier-Underwood Materials,Healthcare,NAMER,Enterprise,Samantha Lewis,2020-04-04,
ACC-10490,South Labs,Pharmaceuticals,NAMER,Mid-Market,Jason King,2022-12-07,
ACC-10491,Oakridge Works,Telecommunications,APAC,Enterprise,Megan Nelson,2023-10-17,
ACC-10492,CentralTech Partners,Transportation,NAMER,Mid-Market,Rebecca Young,2024-11-15,
ACC-10493,CoppertopNet Automotive,Technology,NAMER,Enterprise,Lauren Sanchez,2024-07-31,
ACC-10494,QuincyCore Materials,Telecommunications,APAC,Enterprise,Nicole Davis,2022-10-15,
ACC-10495,KingsburyScan Group,Transportation,EMEA,Enterprise,Sarah Garcia,2024-06-09,
ACC-10496,Lakeside Automotive,Transportation,EMEA,Enterprise,Matthew Adams,2023-10-07,
ACC-10497,CentralSys Foods,Energy,APAC,Mid-Market,Rebecca Rivera,2023-09-07,
ACC-10498,CrownSys Industries,Energy,NAMER,Enterprise,Megan Green,2024-06-26,
ACC-10499,Imperial Group,Manufacturing,APAC,Enterprise,Justin Rodriguez,2024-08-10,
ACC-10500,Imperial International,Media,EMEA,Mid-Market,Ashley Gonzalez,2020-09-04,CP-150
