change_order_id,contract_id,account_id,change_type,effective_date,delta_value_usd,notes
CO-700001,CON-070314,ACC-10107,add_skus,2024-09-25,84100.71,Customer added new product SKUs mid-term
CO-700002,CON-070431,ACC-10166,add_skus,2027-10-11,47279.99,Customer added new product SKUs mid-term
CO-700003,CON-070012,ACC-10003,increase_qty,2025-03-26,70849.56,Quantity increase on existing line items
CO-700004,CON-070808,ACC-10339,add_skus,2024-02-19,51271.55,Customer added new product SKUs mid-term
CO-700005,CON-070846,ACC-10354,early_termination_partial,2023-11-02,68149.38,Partial termination of select line items
CO-700006,CON-070867,ACC-10361,add_skus,2023-07-26,204548.43,Customer added new product SKUs mid-term
CO-700007,CON-070754,ACC-10314,tier_upgrade,2023-03-01,28354.46,Support tier upgraded
CO-700008,CON-070968,ACC-10402,increase_qty,2025-07-18,148344.24,Quantity increase on existing line items
CO-700009,CON-071000,ACC-10416,add_skus,2024-09-21,106873.63,Customer added new product SKUs mid-term
CO-700010,CON-070933,ACC-10388,add_skus,2022-10-07,198712.45,Customer added new product SKUs mid-term
CO-700011,CON-070027,ACC-10007,increase_qty,2027-10-20,43733.25,Quantity increase on existing line items
CO-700012,CON-070897,ACC-10373,add_skus,2027-12-19,105476.4,Customer added new product SKUs mid-term
CO-700013,CON-070241,ACC-10072,increase_qty,2024-07-27,85324.32,Quantity increase on existing line items
CO-700014,CON-070336,ACC-10118,increase_qty,2028-06-20,31781.34,Quantity increase on existing line items
CO-700015,CON-070796,ACC-10334,increase_qty,2023-09-21,119250.09,Quantity increase on existing line items
CO-700016,CON-070277,ACC-10090,increase_qty,2024-07-12,159373.17,Quantity increase on existing line items
CO-700017,CON-071074,ACC-10448,add_skus,2027-12-25,207625.62,Customer added new product SKUs mid-term
CO-700018,CON-070576,ACC-10234,increase_qty,2024-07-09,144931.94,Quantity increase on existing line items
CO-700019,CON-070532,ACC-10213,add_skus,2023-08-10,165186.97,Customer added new product SKUs mid-term
CO-700020,CON-070673,ACC-10276,add_skus,2027-06-29,244642.68,Customer added new product SKUs mid-term
CO-700021,CON-070384,ACC-10141,add_skus,2024-01-29,108778.08,Customer added new product SKUs mid-term
CO-700022,CON-070278,ACC-10091,add_skus,2026-10-22,184775.3,Customer added new product SKUs mid-term
CO-700023,CON-070061,ACC-10015,increase_qty,2025-07-09,244461.98,Quantity increase on existing line items
CO-700024,CON-070692,ACC-10284,increase_qty,2024-01-28,39097.09,Quantity increase on existing line items
CO-700025,CON-070523,ACC-10210,add_skus,2025-11-22,214665.27,Customer added new product SKUs mid-term
CO-700026,CON-071131,ACC-10471,add_skus,2023-01-09,12509.09,Customer added new product SKUs mid-term
CO-700027,CON-070449,ACC-10173,add_skus,2023-01-07,181844.14,Customer added new product SKUs mid-term
CO-700028,CON-070058,ACC-10015,increase_qty,2026-09-13,41232.88,Quantity increase on existing line items
CO-700029,CON-070554,ACC-10223,tier_upgrade,2025-11-12,139749.56,Support tier upgraded
CO-700030,CON-070224,ACC-10064,increase_qty,2024-07-14,21397.62,Quantity increase on existing line items
CO-700031,CON-070963,ACC-10400,tier_upgrade,2024-10-26,17598.99,Support tier upgraded
CO-700032,CON-070913,ACC-10379,add_skus,2027-04-16,124607.93,Customer added new product SKUs mid-term
CO-700033,CON-070583,ACC-10237,add_skus,2025-01-13,204879.2,Customer added new product SKUs mid-term
CO-700034,CON-070866,ACC-10360,tier_upgrade,2023-10-20,245030.34,Support tier upgraded
CO-700035,CON-070955,ACC-10396,increase_qty,2023-11-20,194940.19,Quantity increase on existing line items
CO-700036,CON-071142,ACC-10476,increase_qty,2023-08-14,49728.19,Quantity increase on existing line items
CO-700037,CON-070022,ACC-10005,tier_upgrade,2024-10-05,171458.23,Support tier upgraded
CO-700038,CON-070334,ACC-10116,increase_qty,2027-06-06,115452.04,Quantity increase on existing line items
CO-700039,CON-070872,ACC-10362,increase_qty,2025-10-03,229971.13,Quantity increase on existing line items
CO-700040,CON-071052,ACC-10439,increase_qty,2025-10-11,79340.42,Quantity increase on existing line items
CO-700041,CON-070652,ACC-10263,increase_qty,2026-03-06,6715.36,Quantity increase on existing line items
CO-700042,CON-070771,ACC-10322,increase_qty,2026-04-25,173949.32,Quantity increase on existing line items
CO-700043,CON-070248,ACC-10076,add_skus,2024-09-07,167379.64,Customer added new product SKUs mid-term
CO-700044,CON-070230,ACC-10067,early_termination_partial,2023-09-04,103860.29,Partial termination of select line items
CO-700045,CON-070986,ACC-10410,early_termination_partial,2023-10-16,21989.35,Partial termination of select line items
CO-700046,CON-070939,ACC-10391,add_skus,2024-03-24,111922.96,Customer added new product SKUs mid-term
CO-700047,CON-070945,ACC-10393,increase_qty,2024-06-08,86398.48,Quantity increase on existing line items
CO-700048,CON-070255,ACC-10079,tier_upgrade,2026-04-10,89971.03,Support tier upgraded
CO-700049,CON-070328,ACC-10113,add_skus,2025-12-29,212267.36,Customer added new product SKUs mid-term
CO-700050,CON-070626,ACC-10254,add_skus,2025-08-27,108385.49,Customer added new product SKUs mid-term
CO-700051,CON-071087,ACC-10453,increase_qty,2027-09-30,216835.61,Quantity increase on existing line items
CO-700052,CON-070834,ACC-10348,add_skus,2025-04-30,182591.4,Customer added new product SKUs mid-term
CO-700053,CON-070726,ACC-10301,tier_upgrade,2023-06-04,47880.56,Support tier upgraded
CO-700054,CON-071009,ACC-10419,tier_upgrade,2022-06-16,197751.23,Support tier upgraded
CO-700055,CON-070840,ACC-10351,increase_qty,2025-07-11,48866.18,Quantity increase on existing line items
CO-700056,CON-070942,ACC-10391,tier_upgrade,2025-03-28,204189.28,Support tier upgraded
CO-700057,CON-071177,ACC-10491,increase_qty,2026-07-17,240647.5,Quantity increase on existing line items
CO-700058,CON-070947,ACC-10393,add_skus,2023-02-10,127287.9,Customer added new product SKUs mid-term
CO-700059,CON-070352,ACC-10125,add_skus,2025-03-19,148583.55,Customer added new product SKUs mid-term
CO-700060,CON-070957,ACC-10398,tier_upgrade,2023-10-04,89235.67,Support tier upgraded
CO-700061,CON-070817,ACC-10343,increase_qty,2026-05-13,56562.82,Quantity increase on existing line items
CO-700062,CON-070086,ACC-10022,add_skus,2025-02-26,23049.29,Customer added new product SKUs mid-term
CO-700063,CON-070408,ACC-10153,tier_upgrade,2023-06-08,225381.99,Support tier upgraded
CO-700064,CON-070357,ACC-10128,add_skus,2024-01-30,10359.33,Customer added new product SKUs mid-term
CO-700065,CON-071044,ACC-10435,add_skus,2024-05-25,70311.33,Customer added new product SKUs mid-term
CO-700066,CON-071006,ACC-10418,add_skus,2026-03-05,61830.3,Customer added new product SKUs mid-term
CO-700067,CON-070664,ACC-10272,add_skus,2025-10-25,173011.96,Customer added new product SKUs mid-term
CO-700068,CON-070910,ACC-10378,increase_qty,2022-06-27,205572.57,Quantity increase on existing line items
CO-700069,CON-070619,ACC-10250,tier_upgrade,2025-03-20,161280.55,Support tier upgraded
CO-700070,CON-070409,ACC-10153,increase_qty,2024-11-23,233445.81,Quantity increase on existing line items
CO-700071,CON-070742,ACC-10309,increase_qty,2023-11-13,238877.31,Quantity increase on existing line items
CO-700072,CON-070650,ACC-10262,increase_qty,2025-09-26,154555.08,Quantity increase on existing line items
CO-700073,CON-070697,ACC-10286,tier_upgrade,2026-05-19,29940.44,Support tier upgraded
CO-700074,CON-071033,ACC-10430,add_skus,2025-12-28,30874.81,Customer added new product SKUs mid-term
CO-700075,CON-070842,ACC-10352,add_skus,2023-09-09,242773.31,Customer added new product SKUs mid-term
CO-700076,CON-070543,ACC-10218,increase_qty,2022-08-25,244611.66,Quantity increase on existing line items
CO-700077,CON-070658,ACC-10268,increase_qty,2026-07-25,132900.56,Quantity increase on existing line items
CO-700078,CON-071113,ACC-10465,increase_qty,2025-03-17,183686.41,Quantity increase on existing line items
CO-700079,CON-071001,ACC-10416,tier_upgrade,2023-01-10,21534.83,Support tier upgraded
CO-700080,CON-070380,ACC-10138,add_skus,2026-08-16,239327.76,Customer added new product SKUs mid-term
CO-700081,CON-070087,ACC-10022,increase_qty,2026-01-11,159988.94,Quantity increase on existing line items
CO-700082,CON-070104,ACC-10026,increase_qty,2027-11-19,46258.03,Quantity increase on existing line items
CO-700083,CON-070243,ACC-10074,add_skus,2025-07-24,27249.21,Customer added new product SKUs mid-term
CO-700084,CON-070428,ACC-10165,add_skus,2025-08-31,247720.58,Customer added new product SKUs mid-term
CO-700085,CON-070547,ACC-10221,tier_upgrade,2025-09-01,148357.97,Support tier upgraded
CO-700086,CON-070740,ACC-10308,increase_qty,2026-06-03,11733.41,Quantity increase on existing line items
CO-700087,CON-070433,ACC-10167,add_skus,2024-03-30,21894.4,Customer added new product SKUs mid-term
CO-700088,CON-070570,ACC-10231,early_termination_partial,2026-03-05,44225.84,Partial termination of select line items
CO-700089,CON-070276,ACC-10090,add_skus,2024-09-08,236307.06,Customer added new product SKUs mid-term
CO-700090,CON-070402,ACC-10150,increase_qty,2026-05-22,31576.37,Quantity increase on existing line items
CO-700091,CON-071023,ACC-10424,increase_qty,2023-04-15,138306.4,Quantity increase on existing line items
CO-700092,CON-070995,ACC-10414,add_skus,2025-08-22,45111.06,Customer added new product SKUs mid-term
CO-700093,CON-071158,ACC-10482,add_skus,2025-10-19,231418.65,Customer added new product SKUs mid-term
CO-700094,CON-070176,ACC-10045,increase_qty,2023-09-20,34799.09,Quantity increase on existing line items
CO-700095,CON-071072,ACC-10447,add_skus,2025-12-10,81219.72,Customer added new product SKUs mid-term
CO-700096,CON-070812,ACC-10340,increase_qty,2022-08-05,212879.8,Quantity increase on existing line items
CO-700097,CON-070823,ACC-10345,tier_upgrade,2025-02-10,24432.06,Support tier upgraded
CO-700098,CON-070753,ACC-10314,add_skus,2023-09-04,123367.43,Customer added new product SKUs mid-term
CO-700099,CON-070582,ACC-10237,increase_qty,2025-03-20,159328.13,Quantity increase on existing line items
CO-700100,CON-070083,ACC-10021,increase_qty,2027-05-30,7091.69,Quantity increase on existing line items
CO-700101,CON-070261,ACC-10082,add_skus,2024-12-29,167285.91,Customer added new product SKUs mid-term
CO-700102,CON-070541,ACC-10217,increase_qty,2025-02-14,24149.26,Quantity increase on existing line items
CO-700103,CON-070142,ACC-10036,increase_qty,2025-08-31,179176.73,Quantity increase on existing line items
CO-700104,CON-071190,ACC-10497,add_skus,2026-07-06,9238.81,Customer added new product SKUs mid-term
CO-700105,CON-070294,ACC-10097,increase_qty,2027-12-18,13729.9,Quantity increase on existing line items
CO-700106,CON-070192,ACC-10050,early_termination_partial,2023-12-27,147723.61,Partial termination of select line items
CO-700107,CON-070971,ACC-10404,increase_qty,2025-04-22,64901.75,Quantity increase on existing line items
CO-700108,CON-070836,ACC-10349,add_skus,2026-07-22,226616.1,Customer added new product SKUs mid-term
CO-700109,CON-070051,ACC-10013,increase_qty,2026-05-01,89980.48,Quantity increase on existing line items
CO-700110,CON-071049,ACC-10437,increase_qty,2024-12-19,23752.66,Quantity increase on existing line items
CO-700111,CON-070320,ACC-10109,add_skus,2025-09-18,209308.87,Customer added new product SKUs mid-term
CO-700112,CON-070471,ACC-10183,increase_qty,2025-08-29,56214.32,Quantity increase on existing line items
CO-700113,CON-070830,ACC-10347,increase_qty,2025-02-18,175576.25,Quantity increase on existing line items
CO-700114,CON-071120,ACC-10467,add_skus,2025-05-08,71235.42,Customer added new product SKUs mid-term
CO-700115,CON-070253,ACC-10078,increase_qty,2025-07-05,5822.13,Quantity increase on existing line items
CO-700116,CON-071056,ACC-10440,increase_qty,2023-08-20,145116.94,Quantity increase on existing line items
CO-700117,CON-071189,ACC-10497,increase_qty,2023-09-10,69376.41,Quantity increase on existing line items
CO-700118,CON-070349,ACC-10124,increase_qty,2025-04-08,115534.36,Quantity increase on existing line items
CO-700119,CON-070175,ACC-10045,tier_upgrade,2029-11-28,73871.43,Support tier upgraded
CO-700120,CON-070072,ACC-10018,increase_qty,2025-10-08,58140.17,Quantity increase on existing line items
CO-700121,CON-070731,ACC-10304,increase_qty,2024-10-14,6495.62,Quantity increase on existing line items
CO-700122,CON-070549,ACC-10222,add_skus,2022-10-13,17779.2,Customer added new product SKUs mid-term
CO-700123,CON-070709,ACC-10292,tier_upgrade,2026-03-07,135622.17,Support tier upgraded
CO-700124,CON-070067,ACC-10017,add_skus,2027-06-27,124079.46,Customer added new product SKUs mid-term
CO-700125,CON-070375,ACC-10137,add_skus,2023-09-08,161070.15,Customer added new product SKUs mid-term
CO-700126,CON-070899,ACC-10374,tier_upgrade,2028-06-08,187710.91,Support tier upgraded
CO-700127,CON-070940,ACC-10391,add_skus,2025-12-26,53289.79,Customer added new product SKUs mid-term
CO-700128,CON-070915,ACC-10379,tier_upgrade,2025-07-23,204373.37,Support tier upgraded
CO-700129,CON-070530,ACC-10213,increase_qty,2024-06-18,24508.32,Quantity increase on existing line items
CO-700130,CON-070148,ACC-10038,add_skus,2025-04-03,47338.38,Customer added new product SKUs mid-term
CO-700131,CON-070423,ACC-10162,increase_qty,2027-03-12,233087.62,Quantity increase on existing line items
CO-700132,CON-070884,ACC-10367,add_skus,2026-06-13,195168.54,Customer added new product SKUs mid-term
CO-700133,CON-070551,ACC-10222,increase_qty,2024-05-06,199780.64,Quantity increase on existing line items
CO-700134,CON-070507,ACC-10201,tier_upgrade,2024-09-04,64266.89,Support tier upgraded
CO-700135,CON-070641,ACC-10259,increase_qty,2026-01-08,229304.81,Quantity increase on existing line items
CO-700136,CON-070613,ACC-10247,tier_upgrade,2024-12-23,204704.61,Support tier upgraded
CO-700137,CON-070215,ACC-10060,tier_upgrade,2024-06-22,221343.68,Support tier upgraded
CO-700138,CON-070981,ACC-10407,increase_qty,2026-06-01,163186.27,Quantity increase on existing line items
CO-700139,CON-070048,ACC-10012,add_skus,2024-05-08,12839.59,Customer added new product SKUs mid-term
CO-700140,CON-070896,ACC-10373,increase_qty,2026-03-22,41826.05,Quantity increase on existing line items
CO-700141,CON-070941,ACC-10391,increase_qty,2023-03-22,234157.13,Quantity increase on existing line items
CO-700142,CON-070052,ACC-10013,increase_qty,2025-05-25,110558.18,Quantity increase on existing line items
CO-700143,CON-070161,ACC-10041,increase_qty,2028-03-30,224895.39,Quantity increase on existing line items
CO-700144,CON-070803,ACC-10336,increase_qty,2027-07-26,18695.87,Quantity increase on existing line items
CO-700145,CON-070829,ACC-10347,increase_qty,2025-03-11,109292.81,Quantity increase on existing line items
CO-700146,CON-070054,ACC-10014,add_skus,2023-10-27,62168.09,Customer added new product SKUs mid-term
CO-700147,CON-070214,ACC-10060,increase_qty,2028-07-22,224623.19,Quantity increase on existing line items
CO-700148,CON-070043,ACC-10011,tier_upgrade,2026-01-26,17293.17,Support tier upgraded
CO-700149,CON-070298,ACC-10099,add_skus,2025-03-12,111684.74,Customer added new product SKUs mid-term
CO-700150,CON-070212,ACC-10059,add_skus,2024-11-02,125809.32,Customer added new product SKUs mid-term
CO-700151,CON-071164,ACC-10485,early_termination_partial,2023-05-05,21824.69,Partial termination of select line items
CO-700152,CON-070053,ACC-10014,add_skus,2022-09-07,201197.65,Customer added new product SKUs mid-term
CO-700153,CON-071017,ACC-10422,add_skus,2024-10-24,82790.14,Customer added new product SKUs mid-term
CO-700154,CON-070879,ACC-10365,increase_qty,2024-10-28,68473.99,Quantity increase on existing line items
CO-700155,CON-070542,ACC-10217,add_skus,2024-08-28,171379.55,Customer added new product SKUs mid-term
CO-700156,CON-070517,ACC-10206,increase_qty,2027-04-14,158717.14,Quantity increase on existing line items
CO-700157,CON-070631,ACC-10255,add_skus,2023-09-17,28026.64,Customer added new product SKUs mid-term
CO-700158,CON-070931,ACC-10387,increase_qty,2026-04-02,137269.37,Quantity increase on existing line items
CO-700159,CON-070019,ACC-10005,early_termination_partial,2025-08-03,131709.39,Partial termination of select line items
CO-700160,CON-070804,ACC-10337,add_skus,2024-04-01,195359.52,Customer added new product SKUs mid-term
CO-700161,CON-070030,ACC-10008,add_skus,2026-02-12,164742.63,Customer added new product SKUs mid-term
CO-700162,CON-070710,ACC-10293,increase_qty,2023-03-26,129226.31,Quantity increase on existing line items
CO-700163,CON-070101,ACC-10025,increase_qty,2026-01-24,49162.93,Quantity increase on existing line items
CO-700164,CON-070143,ACC-10037,increase_qty,2024-08-10,17628.84,Quantity increase on existing line items
CO-700165,CON-071008,ACC-10418,tier_upgrade,2023-10-21,220333.29,Support tier upgraded
CO-700166,CON-070096,ACC-10024,add_skus,2025-08-27,153532.93,Customer added new product SKUs mid-term
CO-700167,CON-071024,ACC-10424,increase_qty,2025-08-11,226691.13,Quantity increase on existing line items
CO-700168,CON-070401,ACC-10149,add_skus,2024-05-07,106111.07,Customer added new product SKUs mid-term
CO-700169,CON-070975,ACC-10406,add_skus,2027-03-16,158109.45,Customer added new product SKUs mid-term
CO-700170,CON-070217,ACC-10061,increase_qty,2024-07-03,159149.15,Quantity increase on existing line items
CO-700171,CON-070200,ACC-10054,tier_upgrade,2026-04-25,206439.76,Support tier upgraded
CO-700172,CON-070275,ACC-10090,increase_qty,2024-04-12,33539.32,Quantity increase on existing line items
CO-700173,CON-070559,ACC-10225,add_skus,2023-10-17,118525.45,Customer added new product SKUs mid-term
CO-700174,CON-070605,ACC-10244,increase_qty,2026-01-14,27917.14,Quantity increase on existing line items
CO-700175,CON-070343,ACC-10121,tier_upgrade,2022-12-09,212453.15,Support tier upgraded
CO-700176,CON-071062,ACC-10442,add_skus,2025-03-08,19669.61,Customer added new product SKUs mid-term
CO-700177,CON-071133,ACC-10473,add_skus,2027-08-26,200389.65,Customer added new product SKUs mid-term
CO-700178,CON-070638,ACC-10258,add_skus,2026-01-24,113561.52,Customer added new product SKUs mid-term
CO-700179,CON-070681,ACC-10279,increase_qty,2025-09-14,103404.56,Quantity increase on existing line items
CO-700180,CON-070376,ACC-10137,add_skus,2024-12-30,168770.1,Customer added new product SKUs mid-term
CO-700181,CON-070413,ACC-10156,increase_qty,2025-07-23,223366.09,Quantity increase on existing line items
CO-700182,CON-071002,ACC-10417,tier_upgrade,2023-10-10,246373.23,Support tier upgraded
CO-700183,CON-070011,ACC-10003,tier_upgrade,2023-09-14,123220.55,Support tier upgraded
CO-700184,CON-070890,ACC-10371,increase_qty,2023-12-17,15493.1,Quantity increase on existing line items
CO-700185,CON-070481,ACC-10188,add_skus,2024-04-08,21951.66,Customer added new product SKUs mid-term
CO-700186,CON-070923,ACC-10384,tier_upgrade,2025-08-22,138869.61,Support tier upgraded
CO-700187,CON-070178,ACC-10046,early_termination_partial,2025-06-15,81817.4,Partial termination of select line items
CO-700188,CON-071027,ACC-10427,add_skus,2023-09-01,99264.3,Customer added new product SKUs mid-term
CO-700189,CON-070134,ACC-10034,tier_upgrade,2026-04-10,244303.58,Support tier upgraded
CO-700190,CON-070622,ACC-10252,tier_upgrade,2023-03-27,163924.86,Support tier upgraded
CO-700191,CON-070135,ACC-10034,early_termination_partial,2024-09-05,200258.44,Partial termination of select line items
CO-700192,CON-070056,ACC-10014,add_skus,2025-03-12,89410.82,Customer added new product SKUs mid-term
CO-700193,CON-071196,ACC-10500,tier_upgrade,2025-12-03,200639.93,Support tier upgraded
CO-700194,CON-070223,ACC-10064,add_skus,2024-12-13,102587.16,Customer added new product SKUs mid-term
CO-700195,CON-070076,ACC-10019,add_skus,2022-10-29,89348.6,Customer added new product SKUs mid-term
CO-700196,CON-070665,ACC-10272,add_skus,2025-07-21,34638.22,Customer added new product SKUs mid-term
CO-700197,CON-070596,ACC-10241,increase_qty,2022-07-23,175972.54,Quantity increase on existing line items
CO-700198,CON-071094,ACC-10458,add_skus,2025-09-18,167351.88,Customer added new product SKUs mid-term
CO-700199,CON-070316,ACC-10108,add_skus,2024-04-09,12431.78,Customer added new product SKUs mid-term
CO-700200,CON-070306,ACC-10103,increase_qty,2025-12-31,242981.25,Quantity increase on existing line items
CO-700201,CON-070828,ACC-10347,add_skus,2023-11-23,47792.33,Customer added new product SKUs mid-term
CO-700202,CON-071029,ACC-10428,tier_upgrade,2028-07-30,149492.86,Support tier upgraded
CO-700203,CON-070059,ACC-10015,add_skus,2026-03-11,246006.45,Customer added new product SKUs mid-term
CO-700204,CON-070484,ACC-10190,add_skus,2029-04-02,71973.7,Customer added new product SKUs mid-term
CO-700205,CON-070436,ACC-10168,add_skus,2028-03-06,238715.71,Customer added new product SKUs mid-term
CO-700206,CON-070502,ACC-10198,add_skus,2026-02-21,58411.96,Customer added new product SKUs mid-term
CO-700207,CON-071093,ACC-10457,tier_upgrade,2025-08-10,28747.68,Support tier upgraded
CO-700208,CON-070426,ACC-10163,add_skus,2024-01-25,221270.99,Customer added new product SKUs mid-term
CO-700209,CON-070301,ACC-10100,add_skus,2026-09-23,132365.89,Customer added new product SKUs mid-term
CO-700210,CON-070787,ACC-10329,increase_qty,2024-10-02,118974.54,Quantity increase on existing line items
CO-700211,CON-070485,ACC-10190,increase_qty,2024-03-05,25951.07,Quantity increase on existing line items
CO-700212,CON-070154,ACC-10039,add_skus,2027-03-14,27598.18,Customer added new product SKUs mid-term
CO-700213,CON-071063,ACC-10443,add_skus,2023-03-29,234630.91,Customer added new product SKUs mid-term
CO-700214,CON-071003,ACC-10417,tier_upgrade,2024-11-02,180896.27,Support tier upgraded
CO-700215,CON-071054,ACC-10439,increase_qty,2026-12-30,61242.68,Quantity increase on existing line items
CO-700216,CON-070763,ACC-10319,add_skus,2025-11-26,153910.07,Customer added new product SKUs mid-term
CO-700217,CON-070036,ACC-10009,tier_upgrade,2024-02-09,228470.53,Support tier upgraded
CO-700218,CON-070744,ACC-10309,add_skus,2026-03-30,60314.64,Customer added new product SKUs mid-term
CO-700219,CON-070859,ACC-10359,increase_qty,2025-10-25,79125.33,Quantity increase on existing line items
CO-700220,CON-070794,ACC-10333,increase_qty,2024-11-15,84802.98,Quantity increase on existing line items
CO-700221,CON-070473,ACC-10184,add_skus,2025-10-06,216134.82,Customer added new product SKUs mid-term
CO-700222,CON-070360,ACC-10129,add_skus,2026-03-25,232475.18,Customer added new product SKUs mid-term
CO-700223,CON-070068,ACC-10017,increase_qty,2029-05-09,107249.82,Quantity increase on existing line items
CO-700224,CON-070447,ACC-10172,add_skus,2024-02-13,207650.57,Customer added new product SKUs mid-term
CO-700225,CON-070387,ACC-10143,add_skus,2023-01-09,7217.56,Customer added new product SKUs mid-term
CO-700226,CON-070091,ACC-10023,increase_qty,2025-04-07,62103.41,Quantity increase on existing line items
CO-700227,CON-070146,ACC-10037,increase_qty,2026-03-13,119060.18,Quantity increase on existing line items
CO-700228,CON-070451,ACC-10175,tier_upgrade,2026-08-09,172095.6,Support tier upgraded
CO-700229,CON-070356,ACC-10127,add_skus,2024-01-20,122208.33,Customer added new product SKUs mid-term
CO-700230,CON-070279,ACC-10091,increase_qty,2028-10-24,204361.64,Quantity increase on existing line items
CO-700231,CON-071178,ACC-10491,tier_upgrade,2026-11-12,22091.73,Support tier upgraded
CO-700232,CON-070932,ACC-10387,increase_qty,2025-02-15,175234.02,Quantity increase on existing line items
CO-700233,CON-070220,ACC-10062,increase_qty,2027-12-03,244036.73,Quantity increase on existing line items
CO-700234,CON-070539,ACC-10216,early_termination_partial,2023-02-03,235428.26,Partial termination of select line items
CO-700235,CON-070042,ACC-10011,tier_upgrade,2028-05-28,116571.3,Support tier upgraded
CO-700236,CON-070303,ACC-10102,increase_qty,2022-08-25,57485.12,Quantity increase on existing line items
CO-700237,CON-070183,ACC-10048,tier_upgrade,2027-03-01,133975.81,Support tier upgraded
CO-700238,CON-071154,ACC-10480,add_skus,2024-02-04,20632.07,Customer added new product SKUs mid-term
CO-700239,CON-070724,ACC-10300,increase_qty,2025-12-10,210265.2,Quantity increase on existing line items
CO-700240,CON-070070,ACC-10018,increase_qty,2024-10-06,102148.55,Quantity increase on existing line items
CO-700241,CON-070874,ACC-10363,add_skus,2028-03-27,194890.44,Customer added new product SKUs mid-term
CO-700242,CON-070337,ACC-10118,increase_qty,2027-08-14,240831.37,Quantity increase on existing line items
CO-700243,CON-070130,ACC-10033,add_skus,2025-09-08,90881.99,Customer added new product SKUs mid-term
CO-700244,CON-070405,ACC-10152,tier_upgrade,2025-03-23,21303.69,Support tier upgraded
CO-700245,CON-070160,ACC-10041,tier_upgrade,2025-04-06,233743.83,Support tier upgraded
CO-700246,CON-070262,ACC-10083,increase_qty,2022-10-26,217207.28,Quantity increase on existing line items
CO-700247,CON-071121,ACC-10467,add_skus,2026-05-21,80905.15,Customer added new product SKUs mid-term
CO-700248,CON-070974,ACC-10406,increase_qty,2024-11-29,49753.77,Quantity increase on existing line items
CO-700249,CON-070491,ACC-10192,add_skus,2023-07-25,113896.77,Customer added new product SKUs mid-term
CO-700250,CON-070998,ACC-10415,add_skus,2025-03-05,71987.69,Customer added new product SKUs mid-term
CO-700251,CON-070833,ACC-10348,early_termination_partial,2023-06-14,48102.25,Partial termination of select line items
CO-700252,CON-070590,ACC-10239,add_skus,2026-05-24,90676.44,Customer added new product SKUs mid-term
CO-700253,CON-071064,ACC-10443,add_skus,2024-05-14,28937.95,Customer added new product SKUs mid-term
CO-700254,CON-070886,ACC-10369,increase_qty,2023-11-21,89548.66,Quantity increase on existing line items
CO-700255,CON-070064,ACC-10016,add_skus,2025-06-20,144035.4,Customer added new product SKUs mid-term
CO-700256,CON-070851,ACC-10356,add_skus,2026-08-17,115609.67,Customer added new product SKUs mid-term
CO-700257,CON-070029,ACC-10007,increase_qty,2022-08-04,21098.87,Quantity increase on existing line items
CO-700258,CON-070007,ACC-10002,add_skus,2025-02-23,181540.42,Customer added new product SKUs mid-term
CO-700259,CON-070635,ACC-10257,add_skus,2024-06-03,140072.58,Customer added new product SKUs mid-term
CO-700260,CON-070591,ACC-10240,increase_qty,2026-10-14,205640.79,Quantity increase on existing line items
CO-700261,CON-070379,ACC-10138,add_skus,2024-04-06,133955.57,Customer added new product SKUs mid-term
CO-700262,CON-071079,ACC-10450,increase_qty,2024-08-17,74224.3,Quantity increase on existing line items
CO-700263,CON-070385,ACC-10141,early_termination_partial,2023-03-26,113931.11,Partial termination of select line items
CO-700264,CON-071174,ACC-10489,tier_upgrade,2022-11-30,93370.99,Support tier upgraded
CO-700265,CON-070458,ACC-10177,early_termination_partial,2023-10-27,212701.59,Partial termination of select line items
CO-700266,CON-071020,ACC-10423,add_skus,2023-09-24,218630.62,Customer added new product SKUs mid-term
CO-700267,CON-070666,ACC-10272,add_skus,2024-02-22,210732.06,Customer added new product SKUs mid-term
CO-700268,CON-071147,ACC-10478,add_skus,2026-05-20,216445.19,Customer added new product SKUs mid-term
CO-700269,CON-070895,ACC-10373,tier_upgrade,2023-09-02,72223.61,Support tier upgraded
CO-700270,CON-070378,ACC-10137,add_skus,2025-09-22,51139.08,Customer added new product SKUs mid-term
CO-700271,CON-070695,ACC-10285,increase_qty,2025-10-14,132754.93,Quantity increase on existing line items
CO-700272,CON-071057,ACC-10440,increase_qty,2024-10-17,226560.64,Quantity increase on existing line items
CO-700273,CON-070954,ACC-10395,add_skus,2022-08-11,38407.86,Customer added new product SKUs mid-term
CO-700274,CON-070267,ACC-10086,tier_upgrade,2024-01-03,74109.39,Support tier upgraded
CO-700275,CON-070747,ACC-10311,increase_qty,2024-07-16,112803.66,Quantity increase on existing line items
CO-700276,CON-070231,ACC-10068,add_skus,2023-05-23,245790.69,Customer added new product SKUs mid-term
CO-700277,CON-070575,ACC-10234,early_termination_partial,2024-08-03,16693.48,Partial termination of select line items
CO-700278,CON-070730,ACC-10303,tier_upgrade,2025-05-30,222006.89,Support tier upgraded
CO-700279,CON-070127,ACC-10032,increase_qty,2025-11-27,145038.03,Quantity increase on existing line items
CO-700280,CON-070207,ACC-10056,early_termination_partial,2025-05-25,80607.5,Partial termination of select line items
CO-700281,CON-070216,ACC-10060,tier_upgrade,2023-05-10,169829.5,Support tier upgraded
CO-700282,CON-070361,ACC-10129,add_skus,2026-04-23,18745.93,Customer added new product SKUs mid-term
CO-700283,CON-070331,ACC-10115,early_termination_partial,2025-09-19,79148.35,Partial termination of select line items
CO-700284,CON-070719,ACC-10298,increase_qty,2022-08-21,113251.61,Quantity increase on existing line items
CO-700285,CON-071043,ACC-10435,add_skus,2025-11-02,207297.78,Customer added new product SKUs mid-term
CO-700286,CON-070727,ACC-10301,tier_upgrade,2022-11-27,157848.94,Support tier upgraded
CO-700287,CON-070239,ACC-10071,add_skus,2023-07-15,143987.91,Customer added new product SKUs mid-term
CO-700288,CON-070482,ACC-10188,increase_qty,2026-06-04,54642.81,Quantity increase on existing line items
CO-700289,CON-071077,ACC-10449,add_skus,2024-10-08,143732.73,Customer added new product SKUs mid-term
CO-700290,CON-070441,ACC-10170,add_skus,2025-12-01,32395.5,Customer added new product SKUs mid-term
CO-700291,CON-070171,ACC-10044,add_skus,2025-08-25,180354.78,Customer added new product SKUs mid-term
CO-700292,CON-070006,ACC-10002,add_skus,2029-03-27,210260.25,Customer added new product SKUs mid-term
CO-700293,CON-070901,ACC-10375,increase_qty,2023-07-23,12557.49,Quantity increase on existing line items
CO-700294,CON-070550,ACC-10222,increase_qty,2028-05-18,48396.17,Quantity increase on existing line items
CO-700295,CON-070464,ACC-10181,increase_qty,2023-07-22,157612.67,Quantity increase on existing line items
CO-700296,CON-071162,ACC-10484,add_skus,2023-06-27,189425.08,Customer added new product SKUs mid-term
CO-700297,CON-071083,ACC-10452,tier_upgrade,2022-10-13,199696.64,Support tier upgraded
CO-700298,CON-070711,ACC-10293,tier_upgrade,2024-02-17,162678.68,Support tier upgraded
CO-700299,CON-071034,ACC-10430,add_skus,2026-05-04,115985.43,Customer added new product SKUs mid-term
CO-700300,CON-070702,ACC-10289,increase_qty,2025-09-22,40043.69,Quantity increase on existing line items
CO-700301,CON-070555,ACC-10223,increase_qty,2024-02-03,71872.07,Quantity increase on existing line items
CO-700302,CON-070035,ACC-10009,tier_upgrade,2024-02-08,113031.7,Support tier upgraded
CO-700303,CON-070498,ACC-10196,tier_upgrade,2023-04-23,228903.34,Support tier upgraded
CO-700304,CON-071010,ACC-10419,add_skus,2023-07-18,40990.5,Customer added new product SKUs mid-term
CO-700305,CON-070524,ACC-10210,early_termination_partial,2025-09-03,192657.52,Partial termination of select line items
CO-700306,CON-070264,ACC-10084,add_skus,2028-08-20,123982.39,Customer added new product SKUs mid-term
CO-700307,CON-070444,ACC-10171,increase_qty,2023-11-28,48021.97,Quantity increase on existing line items
CO-700308,CON-071180,ACC-10493,add_skus,2022-05-21,123521.34,Customer added new product SKUs mid-term
CO-700309,CON-070598,ACC-10241,add_skus,2026-09-06,11843.89,Customer added new product SKUs mid-term
CO-700310,CON-071125,ACC-10469,increase_qty,2026-03-18,18612.62,Quantity increase on existing line items
CO-700311,CON-070270,ACC-10087,increase_qty,2029-04-01,130679.64,Quantity increase on existing line items
CO-700312,CON-070098,ACC-10024,add_skus,2024-04-17,237663.68,Customer added new product SKUs mid-term
CO-700313,CON-070486,ACC-10190,early_termination_partial,2024-01-13,76194.08,Partial termination of select line items
CO-700314,CON-070678,ACC-10277,add_skus,2025-03-14,127401.12,Customer added new product SKUs mid-term
CO-700315,CON-070717,ACC-10297,add_skus,2023-06-25,78755.06,Customer added new product SKUs mid-term
CO-700316,CON-070494,ACC-10193,tier_upgrade,2026-06-20,233551.6,Support tier upgraded
CO-700317,CON-070487,ACC-10190,tier_upgrade,2024-12-18,170599.03,Support tier upgraded
CO-700318,CON-070017,ACC-10004,tier_upgrade,2026-07-14,130665.77,Support tier upgraded
CO-700319,CON-070501,ACC-10198,add_skus,2024-05-20,117451.75,Customer added new product SKUs mid-term
CO-700320,CON-071182,ACC-10493,increase_qty,2026-05-31,26385.64,Quantity increase on existing line items
CO-700321,CON-070675,ACC-10277,tier_upgrade,2026-10-10,57696.9,Support tier upgraded
CO-700322,CON-070015,ACC-10004,increase_qty,2025-04-11,183443.82,Quantity increase on existing line items
CO-700323,CON-070299,ACC-10100,increase_qty,2026-05-02,81808.7,Quantity increase on existing line items
CO-700324,CON-070988,ACC-10411,increase_qty,2026-09-10,120097.38,Quantity increase on existing line items
CO-700325,CON-070718,ACC-10298,add_skus,2026-05-17,104903.1,Customer added new product SKUs mid-term
CO-700326,CON-070483,ACC-10189,add_skus,2027-05-24,229629.34,Customer added new product SKUs mid-term
CO-700327,CON-070023,ACC-10006,increase_qty,2024-12-15,249931.06,Quantity increase on existing line items
CO-700328,CON-070049,ACC-10013,add_skus,2025-06-08,55349.21,Customer added new product SKUs mid-term
CO-700329,CON-070374,ACC-10136,increase_qty,2026-05-01,32057.3,Quantity increase on existing line items
CO-700330,CON-070373,ACC-10135,increase_qty,2026-11-22,96516.76,Quantity increase on existing line items
CO-700331,CON-070660,ACC-10269,increase_qty,2026-04-19,24053.06,Quantity increase on existing line items
CO-700332,CON-070263,ACC-10084,add_skus,2024-07-14,127518.43,Customer added new product SKUs mid-term
CO-700333,CON-070822,ACC-10345,increase_qty,2022-09-30,220211.23,Quantity increase on existing line items
CO-700334,CON-070938,ACC-10390,increase_qty,2026-06-05,167067.96,Quantity increase on existing line items
CO-700335,CON-071152,ACC-10480,tier_upgrade,2025-03-31,157564.24,Support tier upgraded
CO-700336,CON-070648,ACC-10261,increase_qty,2023-08-16,178576.02,Quantity increase on existing line items
CO-700337,CON-070310,ACC-10105,add_skus,2026-10-08,5937.17,Customer added new product SKUs mid-term
CO-700338,CON-070642,ACC-10259,increase_qty,2027-04-07,242889.64,Quantity increase on existing line items
CO-700339,CON-070209,ACC-10058,add_skus,2024-07-03,172302.22,Customer added new product SKUs mid-term
CO-700340,CON-070304,ACC-10102,increase_qty,2027-05-16,113297.84,Quantity increase on existing line items
CO-700341,CON-071116,ACC-10466,tier_upgrade,2023-07-25,13218.6,Support tier upgraded
CO-700342,CON-070682,ACC-10280,increase_qty,2023-12-03,75506.13,Quantity increase on existing line items
CO-700343,CON-070791,ACC-10331,add_skus,2025-07-28,232785.89,Customer added new product SKUs mid-term
CO-700344,CON-070677,ACC-10277,increase_qty,2026-08-13,16237.28,Quantity increase on existing line items
CO-700345,CON-070073,ACC-10018,tier_upgrade,2027-09-03,31635.44,Support tier upgraded
CO-700346,CON-070891,ACC-10371,tier_upgrade,2026-02-15,157893.26,Support tier upgraded
CO-700347,CON-070725,ACC-10300,tier_upgrade,2026-01-22,123391.66,Support tier upgraded
CO-700348,CON-071013,ACC-10421,increase_qty,2028-12-21,233431.78,Quantity increase on existing line items
CO-700349,CON-070952,ACC-10395,add_skus,2026-06-14,153212.21,Customer added new product SKUs mid-term
CO-700350,CON-070934,ACC-10389,add_skus,2026-01-17,137474.91,Customer added new product SKUs mid-term
CO-700351,CON-070687,ACC-10282,early_termination_partial,2026-06-25,141452.75,Partial termination of select line items
CO-700352,CON-070864,ACC-10360,add_skus,2024-08-02,233619.14,Customer added new product SKUs mid-term
CO-700353,CON-070208,ACC-10057,add_skus,2023-12-26,125106.69,Customer added new product SKUs mid-term
CO-700354,CON-070624,ACC-10253,tier_upgrade,2027-06-30,30961.01,Support tier upgraded
CO-700355,CON-070929,ACC-10386,add_skus,2025-02-13,185041.67,Customer added new product SKUs mid-term
CO-700356,CON-070679,ACC-10278,increase_qty,2026-01-09,125883.4,Quantity increase on existing line items
CO-700357,CON-070780,ACC-10327,tier_upgrade,2027-06-28,8447.66,Support tier upgraded
CO-700358,CON-071141,ACC-10476,increase_qty,2026-04-26,242321.66,Quantity increase on existing line items
CO-700359,CON-070168,ACC-10043,increase_qty,2023-04-29,25290.7,Quantity increase on existing line items
CO-700360,CON-070468,ACC-10182,add_skus,2026-05-08,63527.75,Customer added new product SKUs mid-term
CO-700361,CON-071065,ACC-10444,increase_qty,2025-02-23,79424.89,Quantity increase on existing line items
CO-700362,CON-071080,ACC-10450,increase_qty,2025-02-02,218277.39,Quantity increase on existing line items
CO-700363,CON-070153,ACC-10039,tier_upgrade,2026-05-18,211102.79,Support tier upgraded
CO-700364,CON-070362,ACC-10130,increase_qty,2026-09-14,44894.38,Quantity increase on existing line items
CO-700365,CON-070844,ACC-10353,increase_qty,2024-05-18,52521.1,Quantity increase on existing line items
CO-700366,CON-070371,ACC-10134,tier_upgrade,2026-01-06,162461.56,Support tier upgraded
CO-700367,CON-070937,ACC-10390,increase_qty,2025-04-30,162337.67,Quantity increase on existing line items
CO-700368,CON-070338,ACC-10118,add_skus,2027-08-22,202607.41,Customer added new product SKUs mid-term
CO-700369,CON-070116,ACC-10029,tier_upgrade,2026-07-26,142934.05,Support tier upgraded
CO-700370,CON-070689,ACC-10283,tier_upgrade,2025-02-18,200914.26,Support tier upgraded
CO-700371,CON-070291,ACC-10096,tier_upgrade,2023-10-22,56972.39,Support tier upgraded
CO-700372,CON-071176,ACC-10491,add_skus,2025-04-22,61106.23,Customer added new product SKUs mid-term
CO-700373,CON-070705,ACC-10290,add_skus,2025-02-27,99947.13,Customer added new product SKUs mid-term
CO-700374,CON-070820,ACC-10343,tier_upgrade,2028-06-03,189583.96,Support tier upgraded
CO-700375,CON-070581,ACC-10236,add_skus,2025-03-10,177509.82,Customer added new product SKUs mid-term
CO-700376,CON-070799,ACC-10335,increase_qty,2026-05-01,224960.23,Quantity increase on existing line items
CO-700377,CON-071073,ACC-10448,add_skus,2024-10-03,149511.16,Customer added new product SKUs mid-term
CO-700378,CON-070878,ACC-10365,increase_qty,2022-12-11,197807.74,Quantity increase on existing line items
CO-700379,CON-070860,ACC-10359,tier_upgrade,2024-07-07,133447.53,Support tier upgraded
CO-700380,CON-070849,ACC-10355,increase_qty,2025-06-24,47426.38,Quantity increase on existing line items
CO-700381,CON-071186,ACC-10495,add_skus,2025-07-18,124968.48,Customer added new product SKUs mid-term
CO-700382,CON-070258,ACC-10080,increase_qty,2028-12-25,71356.01,Quantity increase on existing line items
CO-700383,CON-070467,ACC-10182,add_skus,2024-04-06,199777.09,Customer added new product SKUs mid-term
CO-700384,CON-070259,ACC-10081,add_skus,2025-04-28,104713.96,Customer added new product SKUs mid-term
CO-700385,CON-070296,ACC-10098,tier_upgrade,2027-11-25,94077.64,Support tier upgraded
CO-700386,CON-070014,ACC-10004,tier_upgrade,2026-03-06,15056.22,Support tier upgraded
CO-700387,CON-070651,ACC-10262,increase_qty,2026-02-11,57725.57,Quantity increase on existing line items
CO-700388,CON-070893,ACC-10372,increase_qty,2024-10-27,247434.62,Quantity increase on existing line items
CO-700389,CON-070094,ACC-10023,early_termination_partial,2026-05-30,32192.83,Partial termination of select line items
CO-700390,CON-070425,ACC-10163,add_skus,2024-06-25,115748.91,Customer added new product SKUs mid-term
CO-700391,CON-070084,ACC-10021,add_skus,2022-08-10,25872.93,Customer added new product SKUs mid-term
CO-700392,CON-070973,ACC-10405,increase_qty,2024-10-29,35215.94,Quantity increase on existing line items
CO-700393,CON-070633,ACC-10256,add_skus,2025-02-20,201104.53,Customer added new product SKUs mid-term
CO-700394,CON-071107,ACC-10463,add_skus,2026-04-04,239684.4,Customer added new product SKUs mid-term
CO-700395,CON-070990,ACC-10411,increase_qty,2025-03-02,211714.84,Quantity increase on existing line items
CO-700396,CON-070274,ACC-10089,increase_qty,2024-08-30,117381.17,Quantity increase on existing line items
CO-700397,CON-070221,ACC-10062,add_skus,2025-06-17,199892.94,Customer added new product SKUs mid-term
CO-700398,CON-071181,ACC-10493,increase_qty,2026-02-11,54820.13,Quantity increase on existing line items
CO-700399,CON-070422,ACC-10161,increase_qty,2023-11-22,241092.21,Quantity increase on existing line items
CO-700400,CON-071031,ACC-10428,add_skus,2027-08-18,41688.89,Customer added new product SKUs mid-term
