renewal_id,contract_id,account_id,original_end_date,renewal_notice_required_days,notice_sent_date,outcome,new_term_start,new_term_end
REN-600001,CON-070001,ACC-10001,2026-01-26,90,2025-10-05,cancelled_by_customer,,
REN-600002,CON-070002,ACC-10001,2026-09-08,120,2026-04-16,pending,,
REN-600003,CON-070005,ACC-10002,2024-12-28,120,2024-08-14,renewed_negotiated,2024-12-29,2026-12-28
REN-600004,CON-070007,ACC-10002,2025-05-28,30,2025-04-04,auto_renewed,2025-05-29,2028-05-27
REN-600005,CON-070010,ACC-10003,2027-04-04,30,2027-03-03,pending,,
REN-600006,CON-070011,ACC-10003,2025-08-11,30,2025-06-20,pending,,
REN-600007,CON-070012,ACC-10003,2026-01-10,120,2025-08-20,auto_renewed,2026-01-11,2027-01-10
REN-600008,CON-070015,ACC-10004,2026-04-21,120,2025-12-04,renewed_negotiated,2026-04-22,2028-04-20
REN-600009,CON-070019,ACC-10005,2025-10-09,90,2025-06-19,auto_renewed,2025-10-10,2027-10-09
REN-600010,CON-070020,ACC-10005,2025-11-07,30,2025-09-09,renewed_negotiated,2025-11-08,2026-11-07
REN-600011,CON-070022,ACC-10005,2027-04-13,90,2027-01-09,pending,,
REN-600012,CON-070023,ACC-10006,2025-12-02,90,2025-08-25,auto_renewed,2025-12-03,2027-12-02
REN-600013,CON-070024,ACC-10006,2025-02-20,60,2024-11-29,pending,,
REN-600014,CON-070025,ACC-10006,2025-05-16,90,2025-01-17,pending,,
REN-600015,CON-070026,ACC-10007,2026-03-28,60,2025-12-31,auto_renewed,2026-03-29,2028-03-27
REN-600016,CON-070028,ACC-10007,2026-06-12,90,2026-02-21,pending,,
REN-600017,CON-070029,ACC-10007,2025-05-27,90,2025-02-22,pending,,
REN-600018,CON-070030,ACC-10008,2026-09-17,90,2026-06-11,pending,,
REN-600019,CON-070031,ACC-10008,2025-12-16,30,2025-11-13,pending,,
REN-600020,CON-070035,ACC-10009,2024-05-25,90,2024-01-31,auto_renewed,2024-05-26,2025-05-25
REN-600021,CON-070038,ACC-10010,2025-11-12,90,2025-07-18,renewed_negotiated,2025-11-13,2028-11-11
REN-600022,CON-070039,ACC-10010,2026-08-01,90,2026-04-28,pending,,
REN-600023,CON-070044,ACC-10011,2025-05-27,90,2025-02-07,auto_renewed,2025-05-28,2028-05-26
REN-600024,CON-070047,ACC-10012,2026-08-22,90,2026-05-11,pending,,
REN-600025,CON-070048,ACC-10012,2025-03-02,90,2024-11-25,pending,,
REN-600026,CON-070049,ACC-10013,2026-12-08,30,2026-10-28,pending,,
REN-600027,CON-070052,ACC-10013,2026-03-17,90,2025-11-22,auto_renewed,2026-03-18,2027-03-17
REN-600028,CON-070053,ACC-10014,2025-02-21,30,2025-01-03,renewed_negotiated,2025-02-22,2028-02-21
REN-600029,CON-070055,ACC-10014,2025-03-17,30,2025-01-31,cancelled_by_customer,,
REN-600030,CON-070056,ACC-10014,2026-07-21,120,2026-03-12,pending,,
REN-600031,CON-070058,ACC-10015,2026-11-15,60,2026-09-11,pending,,
REN-600032,CON-070060,ACC-10015,2026-10-14,90,2026-07-12,pending,,
REN-600033,CON-070061,ACC-10015,2026-11-02,90,2026-07-19,pending,,
REN-600034,CON-070062,ACC-10016,2025-03-06,120,2025-02-27,auto_renewed,2025-03-07,2027-03-06
REN-600035,CON-070063,ACC-10016,2027-04-14,90,2026-12-29,pending,,
REN-600036,CON-070064,ACC-10016,2025-08-11,90,2025-05-06,renewed_negotiated,2025-08-12,2026-08-11
REN-600037,CON-070066,ACC-10017,2027-05-06,30,2027-04-02,pending,,
REN-600038,CON-070070,ACC-10018,2025-10-02,90,2025-07-04,renewed_negotiated,2025-10-03,2027-10-02
REN-600039,CON-070071,ACC-10018,2025-08-17,90,2025-04-25,pending,,
REN-600040,CON-070072,ACC-10018,2025-12-26,90,2025-09-08,pending,,
REN-600041,CON-070074,ACC-10019,2024-08-04,90,2024-04-29,renewed_negotiated,2024-08-05,2025-08-04
REN-600042,CON-070075,ACC-10019,2026-07-21,90,2026-04-04,pending,,
REN-600043,CON-070081,ACC-10020,2024-08-28,90,2024-05-15,cancelled_by_customer,,
REN-600044,CON-070082,ACC-10020,2026-10-18,90,2026-06-26,pending,,
REN-600045,CON-070086,ACC-10022,2025-07-07,60,2025-04-30,auto_renewed,2025-07-08,2027-07-07
REN-600046,CON-070087,ACC-10022,2027-02-03,120,2026-09-17,pending,,
REN-600047,CON-070089,ACC-10022,2024-08-08,30,2024-06-22,auto_renewed,2024-08-09,2025-08-08
REN-600048,CON-070091,ACC-10023,2025-06-24,90,2025-03-25,cancelled_by_customer,,
REN-600049,CON-070092,ACC-10023,2026-03-28,90,2025-12-02,pending,,
REN-600050,CON-070094,ACC-10023,2026-09-11,90,2026-06-13,pending,,
REN-600051,CON-070095,ACC-10024,2025-06-13,30,2025-04-18,renewed_negotiated,2025-06-14,2027-06-13
REN-600052,CON-070096,ACC-10024,2026-09-20,120,2026-04-28,pending,,
REN-600053,CON-070098,ACC-10024,2026-06-03,90,2026-02-14,pending,,
REN-600054,CON-070099,ACC-10024,2025-12-14,30,2025-11-09,auto_renewed,2025-12-15,2027-12-14
REN-600055,CON-070101,ACC-10025,2026-04-14,60,2026-01-25,auto_renewed,2026-04-15,2028-04-13
REN-600056,CON-070102,ACC-10025,2027-05-03,90,2027-01-26,pending,,
REN-600057,CON-070105,ACC-10026,2027-04-23,90,2027-01-10,pending,,
REN-600058,CON-070106,ACC-10026,2026-10-23,90,2026-07-11,pending,,
REN-600059,CON-070107,ACC-10027,2027-04-03,90,2026-12-20,pending,,
REN-600060,CON-070108,ACC-10027,2024-11-05,90,2024-07-21,renewed_negotiated,2024-11-06,2026-11-05
REN-600061,CON-070109,ACC-10027,2026-04-13,60,2026-02-01,auto_renewed,2026-04-14,2028-04-12
REN-600062,CON-070110,ACC-10027,2026-04-22,120,2025-11-27,renewed_negotiated,2026-04-23,2027-04-22
REN-600063,CON-070112,ACC-10028,2025-03-06,90,2024-12-04,renewed_negotiated,2025-03-07,2026-03-06
REN-600064,CON-070115,ACC-10029,2025-10-09,60,2025-08-02,auto_renewed,2025-10-10,2026-10-09
REN-600065,CON-070117,ACC-10029,2024-09-28,60,2024-06-30,auto_renewed,2024-09-29,2026-09-28
REN-600066,CON-070118,ACC-10029,2025-11-01,30,2025-09-21,cancelled_by_customer,,
REN-600067,CON-070119,ACC-10030,2024-07-11,90,2024-04-02,auto_renewed,2024-07-12,2026-07-11
REN-600068,CON-070123,ACC-10031,2025-04-03,60,2025-01-25,renewed_negotiated,2025-04-04,2028-04-02
REN-600069,CON-070124,ACC-10031,2024-08-06,30,2024-06-13,auto_renewed,2024-08-07,2026-08-06
REN-600070,CON-070126,ACC-10032,2025-05-14,90,2025-01-21,auto_renewed,2025-05-15,2026-05-14
REN-600071,CON-070127,ACC-10032,2026-05-25,120,2026-01-06,pending,,
REN-600072,CON-070128,ACC-10032,2024-08-02,120,2024-03-26,pending,,
REN-600073,CON-070130,ACC-10033,2025-11-23,60,2025-09-15,renewed_negotiated,2025-11-24,2026-11-23
REN-600074,CON-070131,ACC-10033,2025-09-10,90,2025-06-04,auto_renewed,2025-09-11,2027-09-10
REN-600075,CON-070132,ACC-10033,2026-09-15,60,2026-06-24,pending,,
REN-600076,CON-070133,ACC-10034,2025-11-23,120,2025-07-17,pending,,
REN-600077,CON-070135,ACC-10034,2027-02-06,30,2027-01-03,pending,,
REN-600078,CON-070136,ACC-10035,2026-07-03,60,2026-04-09,pending,,
REN-600079,CON-070138,ACC-10035,2024-10-26,90,2024-07-09,auto_renewed,2024-10-27,2025-10-26
REN-600080,CON-070139,ACC-10035,2027-02-10,60,2026-11-14,pending,,
REN-600081,CON-070140,ACC-10036,2027-02-13,90,2026-10-26,pending,,
REN-600082,CON-070141,ACC-10036,2025-12-24,30,2025-11-10,renewed_negotiated,2025-12-25,2027-12-24
REN-600083,CON-070142,ACC-10036,2026-02-01,30,2025-12-04,auto_renewed,2026-02-02,2029-01-31
REN-600084,CON-070145,ACC-10037,2025-08-27,30,2025-07-21,pending,,
REN-600085,CON-070147,ACC-10038,2025-11-10,120,2025-06-28,cancelled_by_customer,,
REN-600086,CON-070150,ACC-10038,2026-09-16,90,2026-06-14,pending,,
REN-600087,CON-070155,ACC-10040,2025-05-21,60,2025-03-09,cancelled_by_customer,,
REN-600088,CON-070157,ACC-10040,2026-04-22,60,2026-02-04,renewed_negotiated,2026-04-23,2028-04-21
REN-600089,CON-070160,ACC-10041,2026-01-14,90,2025-10-10,pending,,
REN-600090,CON-070163,ACC-10042,2025-12-22,90,2025-09-18,renewed_negotiated,2025-12-23,2028-12-21
REN-600091,CON-070165,ACC-10043,2025-12-15,30,2025-10-21,auto_renewed,2025-12-16,2027-12-15
REN-600092,CON-070171,ACC-10044,2025-10-28,90,2025-07-23,pending,,
REN-600093,CON-070172,ACC-10044,2026-06-13,60,2026-04-08,pending,,
REN-600094,CON-070174,ACC-10045,2026-03-08,90,2025-11-13,expired_no_action,,
REN-600095,CON-070176,ACC-10045,2025-12-11,90,2025-09-04,auto_renewed,2025-12-12,2028-12-10
REN-600096,CON-070178,ACC-10046,2026-01-06,30,2025-11-20,pending,,
REN-600097,CON-070179,ACC-10046,2026-10-06,90,2026-07-02,pending,,
REN-600098,CON-070180,ACC-10047,2025-11-28,90,2025-08-24,renewed_negotiated,2025-11-29,2026-11-28
REN-600099,CON-070181,ACC-10047,2026-06-07,30,2026-04-23,pending,,
REN-600100,CON-070182,ACC-10047,2024-08-04,90,2024-04-15,auto_renewed,2024-08-05,2026-08-04
REN-600101,CON-070184,ACC-10048,2026-04-12,60,2026-01-31,expired_no_action,,
REN-600102,CON-070185,ACC-10048,2025-05-16,120,2025-01-05,cancelled_by_customer,,
REN-600103,CON-070186,ACC-10048,2025-12-26,90,2025-09-05,auto_renewed,2025-12-27,2027-12-26
REN-600104,CON-070187,ACC-10049,2025-08-21,120,2025-04-09,auto_renewed,2025-08-22,2026-08-21
REN-600105,CON-070190,ACC-10049,2026-12-11,60,2026-09-22,pending,,
REN-600106,CON-070192,ACC-10050,2025-03-07,60,2024-12-17,cancelled_by_customer,,
REN-600107,CON-070194,ACC-10050,2025-11-24,90,2025-07-30,auto_renewed,2025-11-25,2028-11-23
REN-600108,CON-070195,ACC-10051,2026-06-06,120,2026-01-11,pending,,
REN-600109,CON-070197,ACC-10052,2025-08-14,90,2025-04-19,auto_renewed,2025-08-15,2028-08-13
REN-600110,CON-070198,ACC-10053,2025-08-19,90,2025-05-14,cancelled_by_customer,,
REN-600111,CON-070203,ACC-10054,2026-06-13,90,2026-02-28,pending,,
REN-600112,CON-070208,ACC-10057,2026-05-17,90,2026-01-30,pending,,
REN-600113,CON-070209,ACC-10058,2027-03-06,30,2027-01-25,pending,,
REN-600114,CON-070211,ACC-10059,2024-09-21,90,2024-06-21,auto_renewed,2024-09-22,2025-09-21
REN-600115,CON-070212,ACC-10059,2025-03-08,90,2024-12-01,auto_renewed,2025-03-09,2028-03-07
REN-600116,CON-070213,ACC-10060,2024-12-22,30,2024-11-03,auto_renewed,2024-12-23,2026-12-22
REN-600117,CON-070215,ACC-10060,2026-01-05,60,2025-10-31,renewed_negotiated,2026-01-06,2029-01-04
REN-600118,CON-070217,ACC-10061,2026-03-21,60,2025-12-23,auto_renewed,2026-03-22,2029-03-20
REN-600119,CON-070219,ACC-10062,2024-08-25,90,2024-05-25,renewed_negotiated,2024-08-26,2025-08-25
REN-600120,CON-070221,ACC-10062,2026-12-28,60,2026-10-26,pending,,
REN-600121,CON-070223,ACC-10064,2026-09-15,120,2026-04-21,pending,,
REN-600122,CON-070224,ACC-10064,2024-10-04,120,2024-05-08,auto_renewed,2024-10-05,2025-10-04
REN-600123,CON-070226,ACC-10065,2026-07-19,90,2026-04-08,pending,,
REN-600124,CON-070228,ACC-10066,2026-04-20,60,2026-02-09,auto_renewed,2026-04-21,2028-04-19
REN-600125,CON-070229,ACC-10067,2026-08-17,30,2026-07-12,pending,,
REN-600126,CON-070230,ACC-10067,2024-05-25,90,2024-02-22,cancelled_by_customer,,
REN-600127,CON-070234,ACC-10069,2026-03-01,60,2025-12-27,cancelled_by_customer,,
REN-600128,CON-070235,ACC-10069,2024-05-20,120,2023-12-25,auto_renewed,2024-05-21,2026-05-20
REN-600129,CON-070237,ACC-10071,2027-03-11,90,2026-11-12,pending,,
REN-600130,CON-070239,ACC-10071,2025-02-06,90,2024-10-26,cancelled_by_customer,,
REN-600131,CON-070240,ACC-10072,2025-12-18,90,2025-09-11,auto_renewed,2025-12-19,2027-12-18
REN-600132,CON-070241,ACC-10072,2027-02-02,60,2026-11-23,pending,,
REN-600133,CON-070243,ACC-10074,2026-02-07,30,2025-12-09,auto_renewed,2026-02-08,2027-02-07
REN-600134,CON-070244,ACC-10075,2025-06-12,90,2025-03-02,cancelled_by_customer,,
REN-600135,CON-070245,ACC-10075,2025-05-05,60,2025-02-12,pending,,
REN-600136,CON-070247,ACC-10076,2026-04-05,90,2025-12-13,expired_no_action,,
REN-600137,CON-070248,ACC-10076,2026-05-17,90,2026-01-28,pending,,
REN-600138,CON-070249,ACC-10077,2025-04-03,90,2024-12-22,pending,,
REN-600139,CON-070251,ACC-10077,2024-08-07,90,2024-08-02,auto_renewed,2024-08-08,2025-08-07
REN-600140,CON-070252,ACC-10078,2026-03-15,60,2025-12-16,pending,,
REN-600141,CON-070254,ACC-10079,2027-03-14,30,2027-02-01,pending,,
REN-600142,CON-070255,ACC-10079,2026-06-24,60,2026-03-30,pending,,
REN-600143,CON-070257,ACC-10080,2025-03-15,90,2025-03-03,auto_renewed,2025-03-16,2028-03-14
REN-600144,CON-070261,ACC-10082,2025-01-28,90,2024-10-29,pending,,
REN-600145,CON-070263,ACC-10084,2027-01-06,60,2026-10-27,pending,,
REN-600146,CON-070265,ACC-10085,2026-01-02,90,2025-09-19,auto_renewed,2026-01-03,2029-01-01
REN-600147,CON-070266,ACC-10086,2025-03-26,90,2024-12-23,renewed_negotiated,2025-03-27,2026-03-26
REN-600148,CON-070269,ACC-10087,2025-05-21,90,2025-01-25,renewed_negotiated,2025-05-22,2027-05-21
REN-600149,CON-070271,ACC-10087,2026-02-13,60,2025-11-18,cancelled_by_customer,,
REN-600150,CON-070274,ACC-10089,2026-01-26,90,2025-10-13,renewed_negotiated,2026-01-27,2028-01-26
REN-600151,CON-070275,ACC-10090,2024-12-11,90,2024-12-08,auto_renewed,2024-12-12,2025-12-11
REN-600152,CON-070276,ACC-10090,2026-07-28,60,2026-05-18,pending,,
REN-600153,CON-070277,ACC-10090,2025-05-04,90,2025-05-02,auto_renewed,2025-05-05,2026-05-04
REN-600154,CON-070280,ACC-10091,2026-10-07,90,2026-06-19,pending,,
REN-600155,CON-070282,ACC-10092,2025-10-17,90,2025-07-17,cancelled_by_customer,,
REN-600156,CON-070283,ACC-10092,2025-12-08,30,2025-10-19,auto_renewed,2025-12-09,2028-12-07
REN-600157,CON-070286,ACC-10094,2026-05-28,60,2026-03-12,pending,,
REN-600158,CON-070291,ACC-10096,2025-05-28,30,2025-04-21,renewed_negotiated,2025-05-29,2027-05-28
REN-600159,CON-070292,ACC-10096,2025-06-26,30,2025-04-28,renewed_negotiated,2025-06-27,2026-06-26
REN-600160,CON-070293,ACC-10097,2026-06-23,90,2026-03-18,pending,,
REN-600161,CON-070297,ACC-10099,2025-11-15,30,2025-09-21,pending,,
REN-600162,CON-070300,ACC-10100,2027-04-23,90,2026-12-26,pending,,
REN-600163,CON-070301,ACC-10100,2027-01-07,60,2026-11-01,pending,,
REN-600164,CON-070302,ACC-10101,2025-03-21,30,2025-02-12,cancelled_by_customer,,
REN-600165,CON-070305,ACC-10103,2025-08-04,30,2025-06-24,renewed_negotiated,2025-08-05,2028-08-03
REN-600166,CON-070306,ACC-10103,2027-02-28,120,2026-10-19,pending,,
REN-600167,CON-070307,ACC-10104,2025-09-16,120,2025-05-14,auto_renewed,2025-09-17,2028-09-15
REN-600168,CON-070312,ACC-10106,2026-09-25,90,2026-06-03,pending,,
REN-600169,CON-070313,ACC-10106,2027-04-24,90,2027-01-04,pending,,
REN-600170,CON-070314,ACC-10107,2026-10-03,60,2026-07-15,pending,,
REN-600171,CON-070315,ACC-10108,2024-08-25,30,2024-07-01,renewed_negotiated,2024-08-26,2025-08-25
REN-600172,CON-070316,ACC-10108,2025-01-17,60,2024-11-07,cancelled_by_customer,,
REN-600173,CON-070317,ACC-10108,2025-04-04,90,2024-12-25,pending,,
REN-600174,CON-070319,ACC-10109,2025-05-28,30,2025-04-28,pending,,
REN-600175,CON-070320,ACC-10109,2027-03-09,90,2026-12-06,pending,,
REN-600176,CON-070322,ACC-10110,2025-05-23,90,2025-02-16,expired_no_action,,
REN-600177,CON-070323,ACC-10110,2025-04-18,60,2025-02-07,renewed_negotiated,2025-04-19,2028-04-17
REN-600178,CON-070329,ACC-10114,2025-04-11,90,2024-12-18,auto_renewed,2025-04-12,2026-04-11
REN-600179,CON-070331,ACC-10115,2027-05-14,90,2027-01-27,pending,,
REN-600180,CON-070335,ACC-10117,2025-12-08,30,2025-10-30,expired_no_action,,
REN-600181,CON-070339,ACC-10119,2026-12-10,60,2026-10-08,pending,,
REN-600182,CON-070340,ACC-10120,2025-05-09,60,2025-02-14,cancelled_by_customer,,
REN-600183,CON-070341,ACC-10121,2025-04-05,90,2024-12-12,cancelled_by_customer,,
REN-600184,CON-070342,ACC-10121,2025-10-19,90,2025-07-20,renewed_negotiated,2025-10-20,2026-10-19
REN-600185,CON-070343,ACC-10121,2025-09-20,60,2025-06-30,renewed_negotiated,2025-09-21,2028-09-19
REN-600186,CON-070344,ACC-10122,2025-10-04,90,2025-06-13,cancelled_by_customer,,
REN-600187,CON-070345,ACC-10122,2025-05-05,30,2025-05-04,auto_renewed,2025-05-06,2028-05-04
REN-600188,CON-070349,ACC-10124,2025-08-17,90,2025-08-07,auto_renewed,2025-08-18,2027-08-17
REN-600189,CON-070350,ACC-10124,2025-08-08,90,2025-05-02,renewed_negotiated,2025-08-09,2027-08-08
REN-600190,CON-070355,ACC-10127,2026-11-13,30,2026-10-12,pending,,
REN-600191,CON-070356,ACC-10127,2024-12-04,30,2024-11-02,cancelled_by_customer,,
REN-600192,CON-070357,ACC-10128,2025-05-28,90,2025-05-24,auto_renewed,2025-05-29,2028-05-27
REN-600193,CON-070360,ACC-10129,2026-07-14,30,2026-06-07,pending,,
REN-600194,CON-070362,ACC-10130,2027-05-14,60,2027-03-01,pending,,
REN-600195,CON-070366,ACC-10132,2027-03-01,60,2026-12-25,pending,,
REN-600196,CON-070368,ACC-10133,2027-05-11,90,2027-01-15,pending,,
REN-600197,CON-070370,ACC-10134,2025-05-05,30,2025-03-15,pending,,
REN-600198,CON-070372,ACC-10134,2026-04-14,90,2026-01-10,pending,,
REN-600199,CON-070374,ACC-10136,2026-06-01,60,2026-04-02,pending,,
REN-600200,CON-070376,ACC-10137,2025-05-01,120,2024-12-03,renewed_negotiated,2025-05-02,2026-05-01
REN-600201,CON-070378,ACC-10137,2027-03-05,60,2026-12-14,pending,,
REN-600202,CON-070379,ACC-10138,2024-12-06,120,2024-07-19,pending,,
REN-600203,CON-070382,ACC-10140,2025-03-21,30,2025-01-30,pending,,
REN-600204,CON-070383,ACC-10140,2025-09-26,30,2025-08-23,renewed_negotiated,2025-09-27,2027-09-26
REN-600205,CON-070384,ACC-10141,2025-11-01,60,2025-08-29,auto_renewed,2025-11-02,2027-11-01
REN-600206,CON-070386,ACC-10142,2024-09-07,90,2024-06-08,pending,,
REN-600207,CON-070387,ACC-10143,2024-09-23,90,2024-06-23,pending,,
REN-600208,CON-070388,ACC-10143,2025-08-21,60,2025-05-23,pending,,
REN-600209,CON-070391,ACC-10144,2026-11-28,60,2026-09-15,pending,,
REN-600210,CON-070393,ACC-10145,2027-01-28,90,2026-10-23,pending,,
REN-600211,CON-070395,ACC-10147,2026-05-25,90,2026-01-25,pending,,
REN-600212,CON-070396,ACC-10148,2025-09-10,60,2025-06-16,renewed_negotiated,2025-09-11,2028-09-09
REN-600213,CON-070397,ACC-10148,2025-08-15,60,2025-05-30,auto_renewed,2025-08-16,2028-08-14
REN-600214,CON-070399,ACC-10149,2026-09-28,60,2026-07-25,pending,,
REN-600215,CON-070400,ACC-10149,2026-11-20,120,2026-06-26,pending,,
REN-600216,CON-070401,ACC-10149,2025-06-10,30,2025-05-07,cancelled_by_customer,,
REN-600217,CON-070403,ACC-10151,2026-03-16,60,2025-12-26,auto_renewed,2026-03-17,2027-03-16
REN-600218,CON-070404,ACC-10151,2025-07-09,30,2025-05-27,auto_renewed,2025-07-10,2026-07-09
REN-600219,CON-070408,ACC-10153,2024-07-03,90,2024-03-11,pending,,
REN-600220,CON-070410,ACC-10154,2026-05-12,90,2026-02-10,cancelled_by_customer,,
REN-600221,CON-070411,ACC-10154,2025-02-04,90,2024-10-07,pending,,
REN-600222,CON-070412,ACC-10155,2027-05-09,120,2026-12-15,pending,,
REN-600223,CON-070413,ACC-10156,2026-01-26,30,2026-01-22,auto_renewed,2026-01-27,2028-01-26
REN-600224,CON-070416,ACC-10158,2025-10-03,120,2025-05-19,auto_renewed,2025-10-04,2028-10-02
REN-600225,CON-070418,ACC-10160,2025-07-08,90,2025-03-28,renewed_negotiated,2025-07-09,2028-07-07
REN-600226,CON-070419,ACC-10160,2026-01-28,60,2025-11-09,pending,,
REN-600227,CON-070420,ACC-10160,2025-12-26,90,2025-08-31,auto_renewed,2025-12-27,2028-12-25
REN-600228,CON-070421,ACC-10161,2024-12-03,90,2024-11-29,auto_renewed,2024-12-04,2025-12-03
REN-600229,CON-070422,ACC-10161,2025-01-08,30,2024-11-17,renewed_negotiated,2025-01-09,2027-01-08
REN-600230,CON-070425,ACC-10163,2025-12-07,90,2025-08-16,auto_renewed,2025-12-08,2027-12-07
REN-600231,CON-070430,ACC-10166,2025-01-25,60,2024-11-06,auto_renewed,2025-01-26,2027-01-25
REN-600232,CON-070432,ACC-10167,2025-01-09,60,2024-10-28,auto_renewed,2025-01-10,2027-01-09
REN-600233,CON-070433,ACC-10167,2025-08-24,60,2025-06-12,renewed_negotiated,2025-08-25,2028-08-23
REN-600234,CON-070438,ACC-10169,2027-03-10,90,2026-12-03,pending,,
REN-600235,CON-070440,ACC-10170,2025-09-03,60,2025-07-05,auto_renewed,2025-09-04,2028-09-02
REN-600236,CON-070442,ACC-10170,2025-11-19,90,2025-07-28,pending,,
REN-600237,CON-070444,ACC-10171,2025-03-11,120,2024-10-27,auto_renewed,2025-03-12,2028-03-10
REN-600238,CON-070445,ACC-10171,2025-12-21,30,2025-11-21,cancelled_by_customer,,
REN-600239,CON-070448,ACC-10173,2025-05-24,60,2025-03-06,auto_renewed,2025-05-25,2026-05-24
REN-600240,CON-070450,ACC-10174,2025-12-21,90,2025-09-03,cancelled_by_customer,,
REN-600241,CON-070451,ACC-10175,2027-01-02,60,2026-10-21,pending,,
REN-600242,CON-070452,ACC-10175,2026-03-14,90,2025-11-19,renewed_negotiated,2026-03-15,2027-03-14
REN-600243,CON-070454,ACC-10176,2026-09-14,120,2026-05-08,pending,,
REN-600244,CON-070455,ACC-10176,2024-05-25,90,2024-02-08,auto_renewed,2024-05-26,2025-05-25
REN-600245,CON-070456,ACC-10176,2027-02-17,90,2026-10-20,pending,,
REN-600246,CON-070457,ACC-10177,2025-09-24,90,2025-06-09,auto_renewed,2025-09-25,2028-09-23
REN-600247,CON-070458,ACC-10177,2025-09-24,60,2025-07-13,renewed_negotiated,2025-09-25,2028-09-23
REN-600248,CON-070459,ACC-10178,2024-09-24,90,2024-06-01,pending,,
REN-600249,CON-070461,ACC-10179,2026-11-15,90,2026-08-10,pending,,
REN-600250,CON-070462,ACC-10180,2026-11-08,90,2026-07-12,pending,,
REN-600251,CON-070465,ACC-10181,2026-09-14,90,2026-05-28,pending,,
REN-600252,CON-070466,ACC-10181,2025-05-07,90,2025-01-14,expired_no_action,,
REN-600253,CON-070467,ACC-10182,2025-11-20,120,2025-07-04,cancelled_by_customer,,
REN-600254,CON-070468,ACC-10182,2026-11-14,90,2026-07-31,pending,,
REN-600255,CON-070469,ACC-10182,2025-12-28,60,2025-10-02,renewed_negotiated,2025-12-29,2027-12-28
REN-600256,CON-070470,ACC-10182,2026-06-28,60,2026-04-15,pending,,
REN-600257,CON-070471,ACC-10183,2025-12-01,90,2025-08-23,renewed_negotiated,2025-12-02,2027-12-01
REN-600258,CON-070473,ACC-10184,2026-03-19,90,2025-11-19,renewed_negotiated,2026-03-20,2027-03-19
REN-600259,CON-070477,ACC-10185,2027-04-08,60,2027-01-25,pending,,
REN-600260,CON-070478,ACC-10185,2026-06-09,60,2026-03-24,pending,,
REN-600261,CON-070479,ACC-10186,2026-04-20,90,2025-12-21,renewed_negotiated,2026-04-21,2027-04-20
REN-600262,CON-070480,ACC-10187,2026-06-27,30,2026-05-25,pending,,
REN-600263,CON-070481,ACC-10188,2026-05-13,30,2026-03-26,auto_renewed,2026-05-14,2029-05-12
REN-600264,CON-070482,ACC-10188,2026-10-28,60,2026-08-24,pending,,
REN-600265,CON-070485,ACC-10190,2025-01-28,60,2024-11-10,auto_renewed,2025-01-29,2028-01-28
REN-600266,CON-070487,ACC-10190,2027-04-07,30,2027-02-18,pending,,
REN-600267,CON-070488,ACC-10191,2026-08-18,60,2026-05-26,pending,,
REN-600268,CON-070490,ACC-10192,2026-09-12,90,2026-06-04,pending,,
REN-600269,CON-070491,ACC-10192,2024-07-04,60,2024-04-17,renewed_negotiated,2024-07-05,2026-07-04
REN-600270,CON-070493,ACC-10193,2025-02-04,60,2024-11-11,cancelled_by_customer,,
REN-600271,CON-070494,ACC-10193,2026-09-07,60,2026-06-09,pending,,
REN-600272,CON-070498,ACC-10196,2024-07-24,90,2024-04-23,auto_renewed,2024-07-25,2026-07-24
REN-600273,CON-070501,ACC-10198,2025-03-06,90,2024-12-04,cancelled_by_customer,,
REN-600274,CON-070502,ACC-10198,2026-11-05,30,2026-10-06,pending,,
REN-600275,CON-070503,ACC-10198,2025-01-17,30,2024-12-14,renewed_negotiated,2025-01-18,2028-01-17
REN-600276,CON-070504,ACC-10199,2025-07-15,30,2025-05-27,pending,,
REN-600277,CON-070505,ACC-10200,2025-03-15,90,2024-11-16,auto_renewed,2025-03-16,2026-03-15
REN-600278,CON-070506,ACC-10200,2025-12-26,30,2025-11-10,cancelled_by_customer,,
REN-600279,CON-070507,ACC-10201,2024-11-12,90,2024-08-05,renewed_negotiated,2024-11-13,2025-11-12
REN-600280,CON-070510,ACC-10203,2025-06-17,30,2025-04-30,cancelled_by_customer,,
REN-600281,CON-070512,ACC-10204,2027-03-13,90,2026-11-23,pending,,
REN-600282,CON-070514,ACC-10205,2024-11-06,90,2024-08-02,renewed_negotiated,2024-11-07,2026-11-06
REN-600283,CON-070515,ACC-10205,2026-12-27,90,2026-09-12,pending,,
REN-600284,CON-070516,ACC-10206,2025-02-19,90,2024-10-25,renewed_negotiated,2025-02-20,2027-02-19
REN-600285,CON-070518,ACC-10207,2026-10-24,120,2026-06-20,pending,,
REN-600286,CON-070519,ACC-10207,2026-10-11,60,2026-08-02,pending,,
REN-600287,CON-070520,ACC-10208,2026-03-05,90,2025-12-05,auto_renewed,2026-03-06,2029-03-04
REN-600288,CON-070521,ACC-10208,2026-02-04,90,2025-10-11,expired_no_action,,
REN-600289,CON-070524,ACC-10210,2025-11-21,30,2025-10-04,renewed_negotiated,2025-11-22,2028-11-20
REN-600290,CON-070525,ACC-10211,2026-06-13,90,2026-03-08,pending,,
REN-600291,CON-070526,ACC-10211,2025-05-12,30,2025-04-08,pending,,
REN-600292,CON-070527,ACC-10211,2025-10-15,90,2025-06-18,renewed_negotiated,2025-10-16,2027-10-15
REN-600293,CON-070530,ACC-10213,2027-02-22,90,2026-11-10,pending,,
REN-600294,CON-070531,ACC-10213,2024-09-20,30,2024-08-10,auto_renewed,2024-09-21,2025-09-20
REN-600295,CON-070532,ACC-10213,2025-03-19,30,2025-02-11,renewed_negotiated,2025-03-20,2028-03-18
REN-600296,CON-070533,ACC-10213,2026-12-16,90,2026-09-13,pending,,
REN-600297,CON-070534,ACC-10214,2026-06-25,120,2026-02-06,pending,,
REN-600298,CON-070535,ACC-10214,2025-03-24,120,2024-11-01,pending,,
REN-600299,CON-070539,ACC-10216,2024-11-23,30,2024-10-12,renewed_negotiated,2024-11-24,2026-11-23
REN-600300,CON-070540,ACC-10216,2025-09-09,60,2025-06-22,cancelled_by_customer,,
REN-600301,CON-070541,ACC-10217,2026-04-27,60,2026-02-17,pending,,
REN-600302,CON-070542,ACC-10217,2026-11-27,90,2026-08-02,pending,,
REN-600303,CON-070545,ACC-10219,2024-08-16,90,2024-08-04,auto_renewed,2024-08-17,2025-08-16
REN-600304,CON-070548,ACC-10221,2026-04-20,90,2025-12-28,renewed_negotiated,2026-04-21,2028-04-19
REN-600305,CON-070549,ACC-10222,2025-02-25,90,2024-11-15,renewed_negotiated,2025-02-26,2028-02-25
REN-600306,CON-070551,ACC-10222,2025-09-01,60,2025-06-27,expired_no_action,,
REN-600307,CON-070554,ACC-10223,2026-02-22,60,2025-11-27,auto_renewed,2026-02-23,2029-02-21
REN-600308,CON-070556,ACC-10224,2027-05-08,30,2027-03-18,pending,,
REN-600309,CON-070557,ACC-10224,2024-10-07,90,2024-06-18,auto_renewed,2024-10-08,2026-10-07
REN-600310,CON-070558,ACC-10225,2027-04-05,60,2027-01-31,pending,,
REN-600311,CON-070559,ACC-10225,2024-08-02,90,2024-05-03,renewed_negotiated,2024-08-03,2026-08-02
REN-600312,CON-070560,ACC-10226,2025-03-12,90,2024-11-20,renewed_negotiated,2025-03-13,2027-03-12
REN-600313,CON-070562,ACC-10227,2026-07-10,90,2026-03-13,pending,,
REN-600314,CON-070563,ACC-10228,2026-01-13,60,2025-11-12,pending,,
REN-600315,CON-070564,ACC-10228,2024-10-28,90,2024-07-03,auto_renewed,2024-10-29,2025-10-28
REN-600316,CON-070565,ACC-10228,2026-08-03,120,2026-03-29,pending,,
REN-600317,CON-070566,ACC-10229,2026-05-12,90,2026-01-19,auto_renewed,2026-05-13,2027-05-12
REN-600318,CON-070569,ACC-10231,2026-11-02,30,2026-09-03,pending,,
REN-600319,CON-070570,ACC-10231,2026-04-18,120,2026-04-11,auto_renewed,2026-04-19,2027-04-18
REN-600320,CON-070573,ACC-10232,2026-11-21,30,2026-10-22,pending,,
REN-600321,CON-070575,ACC-10234,2027-02-16,60,2026-11-21,pending,,
REN-600322,CON-070576,ACC-10234,2025-01-02,60,2024-12-25,auto_renewed,2025-01-03,2026-01-02
REN-600323,CON-070578,ACC-10234,2025-04-03,30,2025-03-28,auto_renewed,2025-04-04,2026-04-03
REN-600324,CON-070580,ACC-10236,2026-07-28,90,2026-04-19,pending,,
REN-600325,CON-070581,ACC-10236,2025-05-07,90,2025-01-13,auto_renewed,2025-05-08,2027-05-07
REN-600326,CON-070582,ACC-10237,2025-06-02,90,2025-02-26,auto_renewed,2025-06-03,2026-06-02
REN-600327,CON-070583,ACC-10237,2025-04-28,120,2024-12-23,cancelled_by_customer,,
REN-600328,CON-070585,ACC-10238,2025-04-14,90,2025-01-09,renewed_negotiated,2025-04-15,2026-04-14
REN-600329,CON-070586,ACC-10238,2025-08-28,60,2025-06-22,renewed_negotiated,2025-08-29,2026-08-28
REN-600330,CON-070589,ACC-10239,2026-03-23,60,2026-01-03,pending,,
REN-600331,CON-070592,ACC-10240,2027-05-07,90,2027-01-15,pending,,
REN-600332,CON-070593,ACC-10240,2026-05-28,90,2026-01-28,pending,,
REN-600333,CON-070598,ACC-10241,2027-04-25,90,2027-01-13,pending,,
REN-600334,CON-070599,ACC-10242,2025-08-15,60,2025-05-18,pending,,
REN-600335,CON-070603,ACC-10243,2024-08-07,90,2024-07-24,auto_renewed,2024-08-08,2025-08-07
REN-600336,CON-070604,ACC-10243,2026-10-01,90,2026-06-03,pending,,
REN-600337,CON-070606,ACC-10244,2025-03-10,60,2024-12-21,cancelled_by_customer,,
REN-600338,CON-070610,ACC-10246,2027-01-28,60,2026-11-27,pending,,
REN-600339,CON-070611,ACC-10246,2025-04-13,60,2025-01-17,renewed_negotiated,2025-04-14,2027-04-13
REN-600340,CON-070615,ACC-10249,2026-04-22,90,2026-04-17,auto_renewed,2026-04-23,2029-04-21
REN-600341,CON-070619,ACC-10250,2025-12-18,90,2025-08-29,cancelled_by_customer,,
REN-600342,CON-070620,ACC-10251,2026-02-09,90,2025-10-25,auto_renewed,2026-02-10,2027-02-09
REN-600343,CON-070621,ACC-10251,2025-11-14,90,2025-08-04,cancelled_by_customer,,
REN-600344,CON-070622,ACC-10252,2024-06-05,60,2024-03-25,auto_renewed,2024-06-06,2026-06-05
REN-600345,CON-070632,ACC-10256,2025-10-08,30,2025-08-30,cancelled_by_customer,,
REN-600346,CON-070633,ACC-10256,2025-03-28,90,2024-11-30,auto_renewed,2025-03-29,2027-03-28
REN-600347,CON-070635,ACC-10257,2026-04-28,90,2026-01-07,auto_renewed,2026-04-29,2029-04-27
REN-600348,CON-070636,ACC-10257,2025-01-11,90,2024-09-19,pending,,
REN-600349,CON-070639,ACC-10259,2025-02-09,120,2024-10-09,auto_renewed,2025-02-10,2028-02-09
REN-600350,CON-070640,ACC-10259,2026-07-11,60,2026-05-10,pending,,
REN-600351,CON-070641,ACC-10259,2026-08-14,30,2026-07-05,pending,,
REN-600352,CON-070643,ACC-10260,2027-02-01,90,2026-11-01,pending,,
REN-600353,CON-070644,ACC-10260,2026-07-28,90,2026-04-06,pending,,
REN-600354,CON-070645,ACC-10260,2024-08-25,90,2024-05-15,auto_renewed,2024-08-26,2025-08-25
REN-600355,CON-070647,ACC-10261,2027-04-21,90,2027-01-12,pending,,
REN-600356,CON-070648,ACC-10261,2024-05-28,120,2024-01-03,renewed_negotiated,2024-05-29,2025-05-28
REN-600357,CON-070649,ACC-10262,2025-02-25,30,2025-01-04,pending,,
REN-600358,CON-070652,ACC-10263,2026-10-07,90,2026-06-15,pending,,
REN-600359,CON-070653,ACC-10264,2024-12-27,90,2024-09-07,auto_renewed,2024-12-28,2025-12-27
REN-600360,CON-070654,ACC-10264,2025-07-20,90,2025-03-26,renewed_negotiated,2025-07-21,2027-07-20
REN-600361,CON-070655,ACC-10265,2024-10-21,120,2024-06-15,pending,,
REN-600362,CON-070657,ACC-10267,2025-05-09,60,2025-02-09,renewed_negotiated,2025-05-10,2027-05-09
REN-600363,CON-070658,ACC-10268,2026-11-28,90,2026-08-17,pending,,
REN-600364,CON-070659,ACC-10268,2027-05-12,30,2027-03-18,pending,,
REN-600365,CON-070660,ACC-10269,2026-08-05,90,2026-04-27,pending,,
REN-600366,CON-070661,ACC-10269,2025-10-21,90,2025-07-04,renewed_negotiated,2025-10-22,2028-10-20
REN-600367,CON-070662,ACC-10270,2025-08-09,30,2025-06-13,auto_renewed,2025-08-10,2027-08-09
REN-600368,CON-070663,ACC-10271,2026-08-28,30,2026-07-25,pending,,
REN-600369,CON-070664,ACC-10272,2026-03-07,30,2026-01-30,pending,,
REN-600370,CON-070665,ACC-10272,2026-10-10,90,2026-06-23,pending,,
REN-600371,CON-070667,ACC-10273,2024-05-25,30,2024-04-12,renewed_negotiated,2024-05-26,2026-05-25
REN-600372,CON-070668,ACC-10273,2026-02-22,120,2025-10-01,cancelled_by_customer,,
REN-600373,CON-070670,ACC-10274,2025-01-28,60,2024-11-18,cancelled_by_customer,,
REN-600374,CON-070671,ACC-10275,2026-03-04,120,2025-10-06,pending,,
REN-600375,CON-070672,ACC-10275,2025-01-28,60,2025-01-16,auto_renewed,2025-01-29,2028-01-28
REN-600376,CON-070675,ACC-10277,2027-03-03,30,2027-01-13,pending,,
REN-600377,CON-070677,ACC-10277,2027-02-23,90,2026-11-10,pending,,
REN-600378,CON-070678,ACC-10277,2025-04-16,60,2025-01-29,pending,,
REN-600379,CON-070680,ACC-10278,2027-04-12,120,2026-12-09,pending,,
REN-600380,CON-070681,ACC-10279,2025-12-05,90,2025-08-24,renewed_negotiated,2025-12-06,2026-12-05
REN-600381,CON-070682,ACC-10280,2024-07-28,60,2024-05-11,expired_no_action,,
REN-600382,CON-070683,ACC-10280,2025-07-04,60,2025-05-05,auto_renewed,2025-07-05,2028-07-03
REN-600383,CON-070684,ACC-10281,2026-01-15,30,2025-12-15,auto_renewed,2026-01-16,2027-01-15
REN-600384,CON-070686,ACC-10282,2026-05-05,30,2026-03-20,auto_renewed,2026-05-06,2027-05-05
REN-600385,CON-070687,ACC-10282,2026-12-17,90,2026-09-18,pending,,
REN-600386,CON-070693,ACC-10284,2025-10-04,90,2025-07-06,pending,,
REN-600387,CON-070695,ACC-10285,2025-11-20,60,2025-09-12,renewed_negotiated,2025-11-21,2028-11-19
REN-600388,CON-070696,ACC-10285,2025-02-10,60,2024-11-28,renewed_negotiated,2025-02-11,2027-02-10
REN-600389,CON-070699,ACC-10287,2025-10-10,30,2025-09-10,cancelled_by_customer,,
REN-600390,CON-070700,ACC-10288,2025-10-07,90,2025-07-03,cancelled_by_customer,,
REN-600391,CON-070702,ACC-10289,2026-05-26,60,2026-03-22,pending,,
REN-600392,CON-070703,ACC-10289,2026-08-27,30,2026-07-23,pending,,
REN-600393,CON-070704,ACC-10290,2026-03-17,90,2025-12-04,pending,,
REN-600394,CON-070705,ACC-10290,2026-10-26,60,2026-08-26,pending,,
REN-600395,CON-070707,ACC-10291,2025-10-25,30,2025-09-02,auto_renewed,2025-10-26,2027-10-25
REN-600396,CON-070708,ACC-10291,2025-03-08,60,2025-01-07,renewed_negotiated,2025-03-09,2026-03-08
REN-600397,CON-070711,ACC-10293,2024-09-07,30,2024-07-13,pending,,
REN-600398,CON-070712,ACC-10294,2025-09-11,60,2025-06-27,renewed_negotiated,2025-09-12,2026-09-11
REN-600399,CON-070713,ACC-10295,2024-09-02,90,2024-05-19,pending,,
REN-600400,CON-070714,ACC-10296,2025-06-13,90,2025-02-19,expired_no_action,,
REN-600401,CON-070715,ACC-10297,2027-05-08,90,2027-01-11,pending,,
REN-600402,CON-070717,ACC-10297,2025-08-16,90,2025-05-01,auto_renewed,2025-08-17,2028-08-15
REN-600403,CON-070719,ACC-10298,2025-02-18,60,2024-12-11,auto_renewed,2025-02-19,2028-02-18
REN-600404,CON-070721,ACC-10299,2025-04-04,90,2024-12-08,renewed_negotiated,2025-04-05,2026-04-04
REN-600405,CON-070722,ACC-10299,2027-01-28,90,2026-10-01,pending,,
REN-600406,CON-070723,ACC-10299,2026-10-18,90,2026-06-29,pending,,
REN-600407,CON-070724,ACC-10300,2026-11-02,60,2026-08-28,pending,,
REN-600408,CON-070725,ACC-10300,2027-03-14,120,2026-10-16,pending,,
REN-600409,CON-070726,ACC-10301,2025-03-06,120,2024-10-19,cancelled_by_customer,,
REN-600410,CON-070727,ACC-10301,2025-01-05,30,2024-12-04,cancelled_by_customer,,
REN-600411,CON-070728,ACC-10302,2026-01-25,30,2025-12-20,pending,,
REN-600412,CON-070730,ACC-10303,2025-11-24,30,2025-10-03,expired_no_action,,
REN-600413,CON-070731,ACC-10304,2025-03-01,90,2024-11-23,pending,,
REN-600414,CON-070732,ACC-10304,2026-01-01,90,2025-09-14,auto_renewed,2026-01-02,2027-01-01
REN-600415,CON-070733,ACC-10305,2027-01-26,90,2026-10-14,pending,,
REN-600416,CON-070735,ACC-10306,2026-12-09,90,2026-09-03,pending,,
REN-600417,CON-070736,ACC-10307,2026-02-06,90,2025-11-05,renewed_negotiated,2026-02-07,2029-02-05
REN-600418,CON-070737,ACC-10307,2025-01-28,30,2024-12-01,renewed_negotiated,2025-01-29,2027-01-28
REN-600419,CON-070740,ACC-10308,2026-08-28,30,2026-07-01,pending,,
REN-600420,CON-070741,ACC-10309,2026-08-01,90,2026-04-07,pending,,
REN-600421,CON-070743,ACC-10309,2024-07-28,30,2024-06-28,auto_renewed,2024-07-29,2026-07-28
REN-600422,CON-070745,ACC-10310,2026-12-05,90,2026-08-07,pending,,
REN-600423,CON-070747,ACC-10311,2024-08-26,30,2024-07-16,pending,,
REN-600424,CON-070748,ACC-10312,2026-06-08,60,2026-04-03,pending,,
REN-600425,CON-070749,ACC-10312,2025-06-14,90,2025-02-27,renewed_negotiated,2025-06-15,2027-06-14
REN-600426,CON-070750,ACC-10312,2025-03-04,90,2024-11-18,renewed_negotiated,2025-03-05,2028-03-03
REN-600427,CON-070751,ACC-10313,2027-02-16,90,2026-11-02,pending,,
REN-600428,CON-070753,ACC-10314,2024-08-22,90,2024-05-04,pending,,
REN-600429,CON-070756,ACC-10315,2027-01-16,120,2026-08-28,pending,,
REN-600430,CON-070757,ACC-10316,2025-03-20,30,2025-01-30,renewed_negotiated,2025-03-21,2026-03-20
REN-600431,CON-070758,ACC-10316,2026-01-20,90,2025-10-15,auto_renewed,2026-01-21,2029-01-19
REN-600432,CON-070759,ACC-10317,2025-07-04,60,2025-05-02,pending,,
REN-600433,CON-070760,ACC-10318,2025-03-27,90,2024-12-03,auto_renewed,2025-03-28,2028-03-26
REN-600434,CON-070761,ACC-10319,2026-07-24,60,2026-05-20,pending,,
REN-600435,CON-070762,ACC-10319,2026-10-12,30,2026-08-24,pending,,
REN-600436,CON-070764,ACC-10320,2025-03-07,60,2024-12-15,auto_renewed,2025-03-08,2028-03-06
REN-600437,CON-070765,ACC-10320,2026-12-05,90,2026-09-06,pending,,
REN-600438,CON-070766,ACC-10321,2025-11-09,60,2025-09-01,auto_renewed,2025-11-10,2027-11-09
REN-600439,CON-070768,ACC-10321,2026-05-22,30,2026-03-26,pending,,
REN-600440,CON-070769,ACC-10322,2025-06-01,30,2025-04-04,auto_renewed,2025-06-02,2028-05-31
REN-600441,CON-070770,ACC-10322,2025-01-27,90,2024-10-06,expired_no_action,,
REN-600442,CON-070772,ACC-10322,2025-06-25,90,2025-03-19,pending,,
REN-600443,CON-070782,ACC-10328,2027-01-20,90,2026-10-17,pending,,
REN-600444,CON-070783,ACC-10328,2026-11-13,90,2026-07-30,pending,,
REN-600445,CON-070784,ACC-10328,2025-11-13,30,2025-09-16,auto_renewed,2025-11-14,2027-11-13
REN-600446,CON-070786,ACC-10329,2026-06-05,60,2026-03-11,pending,,
REN-600447,CON-070787,ACC-10329,2025-04-26,90,2024-12-31,pending,,
REN-600448,CON-070788,ACC-10329,2025-05-14,60,2025-05-03,auto_renewed,2025-05-15,2028-05-13
REN-600449,CON-070789,ACC-10329,2025-02-13,60,2024-12-08,cancelled_by_customer,,
REN-600450,CON-070790,ACC-10330,2025-02-03,30,2024-12-12,renewed_negotiated,2025-02-04,2028-02-03
REN-600451,CON-070791,ACC-10331,2025-12-05,90,2025-08-24,expired_no_action,,
REN-600452,CON-070792,ACC-10331,2025-09-09,60,2025-07-08,pending,,
REN-600453,CON-070793,ACC-10332,2026-08-08,30,2026-06-26,pending,,
REN-600454,CON-070794,ACC-10333,2027-01-05,60,2026-11-05,pending,,
REN-600455,CON-070795,ACC-10333,2027-04-17,90,2026-12-24,pending,,
REN-600456,CON-070796,ACC-10334,2024-05-27,90,2024-02-25,cancelled_by_customer,,
REN-600457,CON-070797,ACC-10334,2025-06-22,60,2025-04-23,auto_renewed,2025-06-23,2028-06-21
REN-600458,CON-070798,ACC-10334,2025-01-28,60,2024-11-08,pending,,
REN-600459,CON-070801,ACC-10336,2026-11-15,60,2026-08-28,pending,,
REN-600460,CON-070804,ACC-10337,2024-09-12,30,2024-09-09,auto_renewed,2024-09-13,2025-09-12
REN-600461,CON-070808,ACC-10339,2026-05-11,90,2026-01-26,auto_renewed,2026-05-12,2029-05-10
REN-600462,CON-070810,ACC-10340,2026-09-14,90,2026-06-12,pending,,
REN-600463,CON-070811,ACC-10340,2025-08-03,90,2025-04-12,renewed_negotiated,2025-08-04,2028-08-02
REN-600464,CON-070813,ACC-10341,2026-11-17,30,2026-09-22,pending,,
REN-600465,CON-070815,ACC-10342,2026-11-11,30,2026-09-25,pending,,
REN-600466,CON-070816,ACC-10342,2026-06-10,30,2026-04-22,pending,,
REN-600467,CON-070821,ACC-10344,2025-08-14,90,2025-04-26,renewed_negotiated,2025-08-15,2028-08-13
REN-600468,CON-070823,ACC-10345,2026-09-22,60,2026-06-24,pending,,
REN-600469,CON-070825,ACC-10346,2024-06-17,90,2024-03-13,auto_renewed,2024-06-18,2025-06-17
REN-600470,CON-070827,ACC-10346,2027-04-20,90,2026-12-29,pending,,
REN-600471,CON-070828,ACC-10347,2026-06-06,90,2026-02-19,pending,,
REN-600472,CON-070829,ACC-10347,2027-02-03,30,2026-12-30,pending,,
REN-600473,CON-070830,ACC-10347,2026-09-08,90,2026-06-08,pending,,
REN-600474,CON-070831,ACC-10347,2025-09-12,90,2025-06-10,renewed_negotiated,2025-09-13,2028-09-11
REN-600475,CON-070832,ACC-10348,2025-07-20,60,2025-04-24,pending,,
REN-600476,CON-070834,ACC-10348,2027-05-09,30,2027-03-17,pending,,
REN-600477,CON-070835,ACC-10349,2025-05-20,30,2025-03-25,renewed_negotiated,2025-05-21,2028-05-19
REN-600478,CON-070837,ACC-10350,2025-07-27,120,2025-03-09,cancelled_by_customer,,
REN-600479,CON-070839,ACC-10351,2026-06-10,60,2026-04-08,pending,,
REN-600480,CON-070840,ACC-10351,2026-08-04,60,2026-06-04,pending,,
REN-600481,CON-070843,ACC-10352,2024-11-26,60,2024-09-24,pending,,
REN-600482,CON-070845,ACC-10353,2027-01-01,30,2026-11-02,pending,,
REN-600483,CON-070846,ACC-10354,2024-08-04,90,2024-04-25,auto_renewed,2024-08-05,2026-08-04
REN-600484,CON-070847,ACC-10354,2026-03-04,90,2025-11-10,cancelled_by_customer,,
REN-600485,CON-070849,ACC-10355,2027-04-01,30,2027-02-27,pending,,
REN-600486,CON-070850,ACC-10355,2026-10-24,120,2026-06-26,pending,,
REN-600487,CON-070852,ACC-10356,2025-02-26,60,2024-11-29,renewed_negotiated,2025-02-27,2028-02-26
REN-600488,CON-070853,ACC-10356,2027-04-28,60,2027-02-14,pending,,
REN-600489,CON-070855,ACC-10357,2026-11-26,30,2026-10-26,pending,,
REN-600490,CON-070858,ACC-10358,2026-02-25,60,2025-11-30,auto_renewed,2026-02-26,2027-02-25
REN-600491,CON-070859,ACC-10359,2026-10-23,90,2026-07-02,pending,,
REN-600492,CON-070860,ACC-10359,2024-09-27,60,2024-07-10,renewed_negotiated,2024-09-28,2025-09-27
REN-600493,CON-070862,ACC-10359,2025-12-10,60,2025-09-26,renewed_negotiated,2025-12-11,2028-12-09
REN-600494,CON-070863,ACC-10360,2026-07-28,90,2026-04-04,pending,,
REN-600495,CON-070864,ACC-10360,2026-07-13,90,2026-03-29,pending,,
REN-600496,CON-070865,ACC-10360,2025-01-22,90,2024-10-15,renewed_negotiated,2025-01-23,2028-01-22
REN-600497,CON-070866,ACC-10360,2024-08-05,30,2024-06-18,expired_no_action,,
REN-600498,CON-070868,ACC-10361,2025-02-14,60,2024-12-01,cancelled_by_customer,,
REN-600499,CON-070869,ACC-10361,2027-02-02,60,2026-11-13,pending,,
REN-600500,CON-070870,ACC-10361,2025-05-21,60,2025-03-22,renewed_negotiated,2025-05-22,2028-05-20
REN-600501,CON-070871,ACC-10362,2025-05-28,30,2025-04-19,expired_no_action,,
REN-600502,CON-070872,ACC-10362,2027-05-05,30,2027-03-06,pending,,
REN-600503,CON-070873,ACC-10363,2026-02-10,60,2026-02-08,auto_renewed,2026-02-11,2027-02-10
REN-600504,CON-070875,ACC-10363,2026-08-05,30,2026-06-16,pending,,
REN-600505,CON-070877,ACC-10364,2025-11-26,30,2025-10-23,cancelled_by_customer,,
REN-600506,CON-070879,ACC-10365,2025-03-13,60,2024-12-21,auto_renewed,2025-03-14,2026-03-13
REN-600507,CON-070880,ACC-10366,2027-03-04,90,2026-12-03,pending,,
REN-600508,CON-070881,ACC-10366,2027-02-22,90,2026-11-06,pending,,
REN-600509,CON-070882,ACC-10367,2025-10-15,60,2025-08-02,pending,,
REN-600510,CON-070883,ACC-10367,2025-04-17,60,2025-01-26,renewed_negotiated,2025-04-18,2026-04-17
REN-600511,CON-070885,ACC-10368,2026-07-11,60,2026-04-15,pending,,
REN-600512,CON-070886,ACC-10369,2025-08-03,120,2025-03-06,pending,,
REN-600513,CON-070887,ACC-10370,2025-08-07,90,2025-04-25,auto_renewed,2025-08-08,2028-08-06
REN-600514,CON-070889,ACC-10371,2025-07-28,30,2025-06-02,pending,,
REN-600515,CON-070890,ACC-10371,2025-03-17,90,2024-11-26,renewed_negotiated,2025-03-18,2028-03-16
REN-600516,CON-070893,ACC-10372,2027-03-16,60,2027-01-03,pending,,
REN-600517,CON-070894,ACC-10373,2025-11-06,90,2025-07-12,pending,,
REN-600518,CON-070896,ACC-10373,2026-09-06,90,2026-05-10,pending,,
REN-600519,CON-070900,ACC-10374,2026-03-06,60,2025-12-23,cancelled_by_customer,,
REN-600520,CON-070902,ACC-10375,2025-05-19,90,2025-01-28,cancelled_by_customer,,
REN-600521,CON-070903,ACC-10375,2025-12-07,120,2025-07-14,cancelled_by_customer,,
REN-600522,CON-070906,ACC-10377,2025-05-12,90,2025-02-04,auto_renewed,2025-05-13,2028-05-11
REN-600523,CON-070907,ACC-10377,2026-09-05,60,2026-07-04,pending,,
REN-600524,CON-070908,ACC-10377,2026-12-15,90,2026-09-15,pending,,
REN-600525,CON-070910,ACC-10378,2027-02-08,30,2027-01-08,pending,,
REN-600526,CON-070912,ACC-10379,2027-03-07,90,2026-11-18,pending,,
REN-600527,CON-070914,ACC-10379,2026-03-28,30,2026-01-27,renewed_negotiated,2026-03-29,2029-03-27
REN-600528,CON-070915,ACC-10379,2026-03-10,60,2025-12-31,renewed_negotiated,2026-03-11,2027-03-10
REN-600529,CON-070916,ACC-10380,2027-03-28,90,2026-12-18,pending,,
REN-600530,CON-070917,ACC-10380,2024-10-06,90,2024-07-02,renewed_negotiated,2024-10-07,2025-10-06
REN-600531,CON-070920,ACC-10382,2024-11-01,30,2024-09-30,renewed_negotiated,2024-11-02,2026-11-01
REN-600532,CON-070922,ACC-10383,2025-08-28,90,2025-05-11,pending,,
REN-600533,CON-070923,ACC-10384,2026-02-26,90,2025-11-05,auto_renewed,2026-02-27,2027-02-26
REN-600534,CON-070924,ACC-10384,2025-05-18,60,2025-02-20,expired_no_action,,
REN-600535,CON-070925,ACC-10385,2027-01-06,120,2026-08-14,pending,,
REN-600536,CON-070926,ACC-10385,2025-10-25,60,2025-07-29,auto_renewed,2025-10-26,2028-10-24
REN-600537,CON-070927,ACC-10385,2025-08-20,60,2025-05-30,cancelled_by_customer,,
REN-600538,CON-070928,ACC-10385,2026-08-19,90,2026-05-01,pending,,
REN-600539,CON-070929,ACC-10386,2025-06-15,120,2025-02-07,cancelled_by_customer,,
REN-600540,CON-070934,ACC-10389,2026-11-07,60,2026-09-04,pending,,
REN-600541,CON-070937,ACC-10390,2026-11-24,120,2026-07-23,pending,,
REN-600542,CON-070938,ACC-10390,2026-07-10,30,2026-05-12,pending,,
REN-600543,CON-070939,ACC-10391,2026-03-13,30,2026-02-05,pending,,
REN-600544,CON-070940,ACC-10391,2026-04-18,30,2026-03-07,renewed_negotiated,2026-04-19,2028-04-17
REN-600545,CON-070942,ACC-10391,2025-11-11,90,2025-08-03,pending,,
REN-600546,CON-070943,ACC-10392,2025-10-24,30,2025-09-01,pending,,
REN-600547,CON-070945,ACC-10393,2026-11-24,90,2026-08-01,pending,,
REN-600548,CON-070946,ACC-10393,2026-09-25,60,2026-07-20,pending,,
REN-600549,CON-070947,ACC-10393,2025-02-16,30,2025-01-12,auto_renewed,2025-02-17,2028-02-16
REN-600550,CON-070948,ACC-10393,2026-04-10,90,2025-12-26,renewed_negotiated,2026-04-11,2027-04-10
REN-600551,CON-070949,ACC-10394,2024-06-21,90,2024-03-21,auto_renewed,2024-06-22,2025-06-21
REN-600552,CON-070950,ACC-10394,2025-04-04,60,2025-01-26,auto_renewed,2025-04-05,2027-04-04
REN-600553,CON-070951,ACC-10395,2024-05-26,60,2024-02-28,auto_renewed,2024-05-27,2026-05-26
REN-600554,CON-070952,ACC-10395,2026-09-08,90,2026-05-14,pending,,
REN-600555,CON-070953,ACC-10395,2026-02-28,90,2025-11-15,pending,,
REN-600556,CON-070955,ACC-10396,2024-09-12,30,2024-09-08,auto_renewed,2024-09-13,2025-09-12
REN-600557,CON-070959,ACC-10398,2026-03-04,60,2025-12-12,renewed_negotiated,2026-03-05,2029-03-03
REN-600558,CON-070961,ACC-10399,2027-04-11,60,2027-02-05,pending,,
REN-600559,CON-070962,ACC-10399,2025-08-19,60,2025-05-31,auto_renewed,2025-08-20,2028-08-18
REN-600560,CON-070963,ACC-10400,2025-04-28,90,2025-01-07,renewed_negotiated,2025-04-29,2027-04-28
REN-600561,CON-070964,ACC-10401,2025-07-06,120,2025-02-25,cancelled_by_customer,,
REN-600562,CON-070965,ACC-10401,2026-12-01,90,2026-09-02,pending,,
REN-600563,CON-070968,ACC-10402,2025-12-16,30,2025-11-01,pending,,
REN-600564,CON-070970,ACC-10403,2025-05-06,120,2024-12-07,renewed_negotiated,2025-05-07,2027-05-06
REN-600565,CON-070971,ACC-10404,2025-09-16,90,2025-06-06,cancelled_by_customer,,
REN-600566,CON-070972,ACC-10405,2024-09-08,90,2024-05-16,cancelled_by_customer,,
REN-600567,CON-070974,ACC-10406,2025-02-13,90,2024-11-11,renewed_negotiated,2025-02-14,2028-02-13
REN-600568,CON-070977,ACC-10406,2025-04-08,90,2025-01-02,renewed_negotiated,2025-04-09,2027-04-08
REN-600569,CON-070979,ACC-10407,2027-01-04,60,2026-10-29,pending,,
REN-600570,CON-070980,ACC-10407,2025-12-28,30,2025-11-02,auto_renewed,2025-12-29,2028-12-27
REN-600571,CON-070981,ACC-10407,2026-07-01,90,2026-03-29,pending,,
REN-600572,CON-070984,ACC-10409,2025-07-26,60,2025-05-03,pending,,
REN-600573,CON-070985,ACC-10410,2026-12-23,60,2026-10-10,pending,,
REN-600574,CON-070986,ACC-10410,2024-07-06,60,2024-04-08,renewed_negotiated,2024-07-07,2026-07-06
REN-600575,CON-070987,ACC-10411,2027-05-14,60,2027-02-13,pending,,
REN-600576,CON-070989,ACC-10411,2024-09-13,30,2024-08-03,renewed_negotiated,2024-09-14,2025-09-13
REN-600577,CON-070990,ACC-10411,2026-04-21,90,2026-01-20,renewed_negotiated,2026-04-22,2029-04-20
REN-600578,CON-070993,ACC-10412,2027-02-28,90,2026-11-12,pending,,
REN-600579,CON-070995,ACC-10414,2026-07-08,60,2026-04-18,pending,,
REN-600580,CON-070997,ACC-10414,2027-04-08,60,2027-01-30,pending,,
REN-600581,CON-070999,ACC-10415,2026-12-15,90,2026-08-18,pending,,
REN-600582,CON-071000,ACC-10416,2026-10-18,90,2026-07-11,pending,,
REN-600583,CON-071001,ACC-10416,2025-01-17,90,2024-09-23,auto_renewed,2025-01-18,2028-01-17
REN-600584,CON-071003,ACC-10417,2025-04-27,90,2024-12-30,renewed_negotiated,2025-04-28,2026-04-27
REN-600585,CON-071004,ACC-10417,2025-05-24,90,2025-01-25,pending,,
REN-600586,CON-071005,ACC-10418,2026-10-28,90,2026-07-22,pending,,
REN-600587,CON-071008,ACC-10418,2024-08-10,90,2024-04-26,renewed_negotiated,2024-08-11,2025-08-10
REN-600588,CON-071011,ACC-10420,2026-12-25,30,2026-11-18,pending,,
REN-600589,CON-071015,ACC-10421,2024-09-25,30,2024-08-24,renewed_negotiated,2024-09-26,2025-09-25
REN-600590,CON-071016,ACC-10421,2026-09-28,120,2026-05-16,pending,,
REN-600591,CON-071017,ACC-10422,2025-05-28,90,2025-01-29,auto_renewed,2025-05-29,2027-05-28
REN-600592,CON-071018,ACC-10422,2027-03-03,90,2026-11-04,pending,,
REN-600593,CON-071020,ACC-10423,2026-02-03,120,2026-01-28,auto_renewed,2026-02-04,2029-02-02
REN-600594,CON-071021,ACC-10423,2025-06-26,90,2025-03-03,renewed_negotiated,2025-06-27,2026-06-26
REN-600595,CON-071024,ACC-10424,2026-03-24,90,2025-11-24,auto_renewed,2026-03-25,2027-03-24
REN-600596,CON-071026,ACC-10426,2026-12-03,30,2026-10-13,pending,,
REN-600597,CON-071027,ACC-10427,2025-03-15,90,2024-12-06,renewed_negotiated,2025-03-16,2028-03-14
REN-600598,CON-071028,ACC-10427,2026-06-09,60,2026-03-18,pending,,
REN-600599,CON-071032,ACC-10429,2026-10-21,90,2026-07-05,pending,,
REN-600600,CON-071034,ACC-10430,2027-01-10,30,2026-11-13,pending,,
REN-600601,CON-071039,ACC-10433,2025-11-28,90,2025-08-03,pending,,
REN-600602,CON-071041,ACC-10434,2025-06-24,120,2025-02-18,expired_no_action,,
REN-600603,CON-071042,ACC-10435,2026-04-21,60,2026-02-07,renewed_negotiated,2026-04-22,2027-04-21
REN-600604,CON-071043,ACC-10435,2026-04-27,60,2026-02-26,renewed_negotiated,2026-04-28,2028-04-26
REN-600605,CON-071044,ACC-10435,2026-06-19,30,2026-04-25,pending,,
REN-600606,CON-071045,ACC-10436,2025-06-28,90,2025-03-28,pending,,
REN-600607,CON-071046,ACC-10436,2024-06-08,30,2024-04-27,pending,,
REN-600608,CON-071047,ACC-10437,2024-09-10,30,2024-08-09,pending,,
REN-600609,CON-071048,ACC-10437,2026-02-17,30,2026-01-05,renewed_negotiated,2026-02-18,2029-02-16
REN-600610,CON-071049,ACC-10437,2025-12-28,120,2025-08-08,renewed_negotiated,2025-12-29,2028-12-27
REN-600611,CON-071051,ACC-10438,2025-08-05,90,2025-04-21,renewed_negotiated,2025-08-06,2026-08-05
REN-600612,CON-071052,ACC-10439,2026-01-09,60,2025-10-26,cancelled_by_customer,,
REN-600613,CON-071053,ACC-10439,2025-03-28,120,2024-10-29,pending,,
REN-600614,CON-071054,ACC-10439,2027-03-16,30,2027-01-22,pending,,
REN-600615,CON-071057,ACC-10440,2024-12-28,90,2024-09-04,pending,,
REN-600616,CON-071059,ACC-10441,2025-11-11,30,2025-09-16,pending,,
REN-600617,CON-071061,ACC-10442,2024-10-26,60,2024-08-05,auto_renewed,2024-10-27,2026-10-26
REN-600618,CON-071062,ACC-10442,2025-10-19,90,2025-07-09,renewed_negotiated,2025-10-20,2026-10-19
REN-600619,CON-071063,ACC-10443,2025-11-28,60,2025-09-22,auto_renewed,2025-11-29,2028-11-27
REN-600620,CON-071064,ACC-10443,2025-06-20,90,2025-02-27,auto_renewed,2025-06-21,2028-06-19
REN-600621,CON-071065,ACC-10444,2026-11-19,60,2026-09-20,pending,,
REN-600622,CON-071066,ACC-10444,2027-01-26,90,2026-09-29,pending,,
REN-600623,CON-071067,ACC-10445,2025-09-15,90,2025-06-02,renewed_negotiated,2025-09-16,2027-09-15
REN-600624,CON-071069,ACC-10446,2027-04-04,30,2027-02-27,pending,,
REN-600625,CON-071070,ACC-10446,2024-10-03,60,2024-07-21,auto_renewed,2024-10-04,2026-10-03
REN-600626,CON-071071,ACC-10447,2024-08-16,30,2024-07-12,pending,,
REN-600627,CON-071072,ACC-10447,2026-09-08,90,2026-06-06,pending,,
REN-600628,CON-071073,ACC-10448,2024-12-23,30,2024-10-28,pending,,
REN-600629,CON-071077,ACC-10449,2026-10-12,90,2026-06-16,pending,,
REN-600630,CON-071079,ACC-10450,2025-01-23,30,2024-12-03,auto_renewed,2025-01-24,2028-01-23
REN-600631,CON-071080,ACC-10450,2025-09-07,60,2025-06-29,auto_renewed,2025-09-08,2028-09-06
REN-600632,CON-071081,ACC-10451,2026-05-13,30,2026-03-29,renewed_negotiated,2026-05-14,2027-05-13
REN-600633,CON-071082,ACC-10451,2025-06-23,60,2025-04-13,pending,,
REN-600634,CON-071084,ACC-10452,2024-08-05,90,2024-04-20,auto_renewed,2024-08-06,2026-08-05
REN-600635,CON-071085,ACC-10452,2024-08-05,60,2024-05-29,auto_renewed,2024-08-06,2026-08-05
REN-600636,CON-071086,ACC-10453,2025-11-18,90,2025-08-04,cancelled_by_customer,,
REN-600637,CON-071090,ACC-10454,2025-10-18,90,2025-07-13,renewed_negotiated,2025-10-19,2028-10-17
REN-600638,CON-071092,ACC-10456,2025-05-24,30,2025-04-12,renewed_negotiated,2025-05-25,2026-05-24
REN-600639,CON-071093,ACC-10457,2026-04-28,60,2026-02-21,auto_renewed,2026-04-29,2027-04-28
REN-600640,CON-071094,ACC-10458,2026-06-12,60,2026-03-25,pending,,
REN-600641,CON-071095,ACC-10458,2026-04-19,90,2026-01-16,auto_renewed,2026-04-20,2029-04-18
REN-600642,CON-071096,ACC-10458,2024-08-07,90,2024-04-25,auto_renewed,2024-08-08,2026-08-07
REN-600643,CON-071097,ACC-10459,2026-09-03,90,2026-05-10,pending,,
REN-600644,CON-071099,ACC-10459,2024-09-28,60,2024-07-29,auto_renewed,2024-09-29,2025-09-28
REN-600645,CON-071102,ACC-10461,2026-07-08,60,2026-05-06,pending,,
REN-600646,CON-071103,ACC-10461,2024-07-07,30,2024-05-12,pending,,
REN-600647,CON-071104,ACC-10462,2027-04-02,30,2027-02-25,pending,,
REN-600648,CON-071105,ACC-10462,2024-11-13,30,2024-09-19,renewed_negotiated,2024-11-14,2026-11-13
REN-600649,CON-071109,ACC-10463,2026-09-27,90,2026-06-13,pending,,
REN-600650,CON-071110,ACC-10464,2024-05-28,90,2024-02-09,auto_renewed,2024-05-29,2025-05-28
REN-600651,CON-071113,ACC-10465,2025-06-03,30,2025-04-17,cancelled_by_customer,,
REN-600652,CON-071114,ACC-10465,2024-05-22,60,2024-03-06,cancelled_by_customer,,
REN-600653,CON-071116,ACC-10466,2024-07-26,30,2024-06-23,auto_renewed,2024-07-27,2026-07-26
REN-600654,CON-071117,ACC-10466,2025-03-21,90,2024-12-21,pending,,
REN-600655,CON-071120,ACC-10467,2025-06-21,60,2025-04-18,auto_renewed,2025-06-22,2026-06-21
REN-600656,CON-071121,ACC-10467,2026-08-07,90,2026-04-21,pending,,
REN-600657,CON-071122,ACC-10467,2026-08-13,60,2026-06-04,pending,,
REN-600658,CON-071123,ACC-10468,2025-04-04,60,2025-01-08,pending,,
REN-600659,CON-071124,ACC-10468,2026-06-02,30,2026-04-19,pending,,
REN-600660,CON-071125,ACC-10469,2026-10-17,60,2026-08-01,pending,,
REN-600661,CON-071132,ACC-10472,2024-07-14,90,2024-03-30,cancelled_by_customer,,
REN-600662,CON-071137,ACC-10475,2025-03-16,90,2024-12-12,renewed_negotiated,2025-03-17,2027-03-16
REN-600663,CON-071138,ACC-10475,2025-03-17,30,2025-02-10,renewed_negotiated,2025-03-18,2027-03-17
REN-600664,CON-071140,ACC-10475,2024-06-16,60,2024-03-27,pending,,
REN-600665,CON-071141,ACC-10476,2026-11-13,60,2026-09-08,pending,,
REN-600666,CON-071142,ACC-10476,2024-06-06,60,2024-03-09,pending,,
REN-600667,CON-071143,ACC-10476,2024-07-24,30,2024-06-17,cancelled_by_customer,,
REN-600668,CON-071144,ACC-10476,2025-08-13,60,2025-05-24,auto_renewed,2025-08-14,2026-08-13
REN-600669,CON-071145,ACC-10477,2025-05-02,90,2025-01-05,cancelled_by_customer,,
REN-600670,CON-071146,ACC-10477,2024-08-09,90,2024-04-14,renewed_negotiated,2024-08-10,2025-08-09
REN-600671,CON-071147,ACC-10478,2027-03-10,30,2027-01-12,pending,,
REN-600672,CON-071149,ACC-10478,2024-08-18,90,2024-04-21,cancelled_by_customer,,
REN-600673,CON-071151,ACC-10480,2024-08-28,60,2024-06-19,auto_renewed,2024-08-29,2026-08-28
REN-600674,CON-071153,ACC-10480,2024-10-28,30,2024-09-12,auto_renewed,2024-10-29,2026-10-28
REN-600675,CON-071154,ACC-10480,2025-10-12,60,2025-07-31,renewed_negotiated,2025-10-13,2028-10-11
REN-600676,CON-071158,ACC-10482,2026-05-27,60,2026-03-24,pending,,
REN-600677,CON-071159,ACC-10483,2026-02-26,60,2026-02-25,auto_renewed,2026-02-27,2027-02-26
REN-600678,CON-071162,ACC-10484,2026-02-12,90,2025-11-06,renewed_negotiated,2026-02-13,2029-02-11
REN-600679,CON-071163,ACC-10484,2025-04-14,30,2025-02-16,pending,,
REN-600680,CON-071166,ACC-10486,2025-01-20,90,2024-10-18,renewed_negotiated,2025-01-21,2028-01-20
REN-600681,CON-071168,ACC-10487,2027-02-24,90,2026-11-05,pending,,
REN-600682,CON-071169,ACC-10488,2025-12-01,60,2025-09-28,renewed_negotiated,2025-12-02,2027-12-01
REN-600683,CON-071170,ACC-10488,2026-04-16,60,2026-02-08,cancelled_by_customer,,
REN-600684,CON-071171,ACC-10488,2026-07-28,90,2026-04-03,pending,,
REN-600685,CON-071172,ACC-10489,2026-08-16,90,2026-05-09,pending,,
REN-600686,CON-071173,ACC-10489,2025-12-23,90,2025-08-26,renewed_negotiated,2025-12-24,2028-12-22
REN-600687,CON-071175,ACC-10490,2025-08-09,90,2025-04-17,renewed_negotiated,2025-08-10,2028-08-08
REN-600688,CON-071176,ACC-10491,2025-06-23,60,2025-04-20,pending,,
REN-600689,CON-071177,ACC-10491,2026-10-18,60,2026-08-15,pending,,
REN-600690,CON-071183,ACC-10494,2024-12-19,90,2024-12-12,auto_renewed,2024-12-20,2025-12-19
REN-600691,CON-071185,ACC-10495,2026-04-14,30,2026-03-06,auto_renewed,2026-04-15,2028-04-13
REN-600692,CON-071187,ACC-10496,2025-12-22,30,2025-12-12,auto_renewed,2025-12-23,2026-12-22
REN-600693,CON-071188,ACC-10496,2026-06-14,30,2026-05-15,pending,,
REN-600694,CON-071189,ACC-10497,2026-04-21,60,2026-02-17,auto_renewed,2026-04-22,2029-04-20
REN-600695,CON-071192,ACC-10498,2026-01-23,60,2025-11-16,pending,,
REN-600696,CON-071195,ACC-10499,2025-12-08,60,2025-09-19,renewed_negotiated,2025-12-09,2026-12-08
REN-600697,CON-071197,ACC-10500,2025-08-02,30,2025-06-25,auto_renewed,2025-08-03,2028-08-01
